,MolLogP,MolWt,NumRotatableBonds,AromaticProportion,logS,logS Pred
0,2.5954000000000006,167.85,0.0,0.0,-2.18,-2.776288370851431
1,2.376500000000001,133.405,0.0,0.0,-2.0,-2.3866105398666275
2,2.5938,167.85,1.0,0.0,-1.74,-2.7719010830803446
3,2.0289,133.405,1.0,0.0,-1.48,-2.125582564751033
4,2.9189,187.37500000000003,1.0,0.0,-3.04,-3.1418902020475987
5,1.81,98.96,0.0,0.0,-1.29,-1.7391052437923697
6,1.9352,96.944,0.0,0.0,-1.64,-1.81866647719804
7,1.4054,118.176,4.0,0.0,-0.43,-1.553008323408738
8,4.3002,215.894,0.0,0.6,-4.57,-4.611753629715841
9,2.5654000000000003,132.20599999999996,0.0,0.6,-4.37,-2.772710284158641
10,4.3002,215.894,0.0,0.6,-4.63,-4.611753629715841
11,3.6468000000000007,181.449,0.0,0.6666666666666666,-4.0,-3.928002391770987
12,2.611860000000001,120.195,0.0,0.6666666666666666,-3.2,-2.7561184543270536
13,4.7366,393.698,0.0,0.6,-6.98,-6.108823581941516
14,4.3002,215.894,0.0,0.6,-5.56,-4.611753629715841
15,2.9202800000000018,134.22199999999998,0.0,0.6,-4.59,-3.04924171312393
16,3.974100000000001,314.802,0.0,0.6666666666666666,-4.5,-5.050804855940244
17,3.6468000000000007,181.449,0.0,0.6666666666666666,-3.59,-3.928002391770987
18,2.611860000000001,120.195,0.0,0.6666666666666666,-3.31,-2.7561184543270536
19,1.0978,110.11199999999998,0.0,0.75,0.62,-1.6018087410220399
20,3.2116000000000007,235.906,0.0,0.75,-3.5,-3.999838861039412
21,1.7762,187.862,1.0,0.0,-1.68,-2.2975222150501193
22,2.9934000000000003,147.00399999999996,0.0,0.75,-3.05,-3.2513038849265743
23,1.464,98.96,1.0,0.0,-1.06,-1.4792640464217217
24,1.8525,112.987,1.0,0.0,-1.6,-1.8599964557548967
25,2.6495999999999995,170.92000000000002,1.0,0.0,-2.74,-2.833549710987178
26,1.0594,118.176,5.0,0.0,-0.77,-1.2931671260380897
27,2.811400000000001,134.22199999999998,2.0,0.6,-3.28,-2.962080467528094
28,1.503,168.10799999999995,2.0,0.5,-3.1,-2.1728993897032884
29,0.4051,58.08,0.0,0.0,-0.59,-0.42726211707872386
30,3.974100000000001,314.802,0.0,0.6666666666666666,-5.6,-5.050804855940244
31,3.6468000000000007,181.449,0.0,0.6666666666666666,-4.48,-3.928002391770987
32,2.611860000000001,120.19499999999998,0.0,0.6666666666666666,-3.4,-2.7561184543270536
33,1.4112,213.105,3.0,0.4,-2.89,-2.356238401088929
34,1.0978,110.11199999999998,0.0,0.75,0.81,-1.6018087410220399
35,1.3584,54.09199999999999,1.0,0.0,-1.87,-1.1048407397508984
36,3.2116000000000007,235.906,0.0,0.75,-3.54,-3.999838861039412
37,2.993400000000001,147.004,0.0,0.75,-3.04,-3.251303884926575
38,1.8541,112.987,2.0,0.0,-1.62,-1.8579827234737025
39,0.4903,132.232,2.0,0.0,-1.46,-0.9734059638838857
40,1.9648,114.094,0.0,0.75,-2.0,-2.271172218416113
41,3.456640000000002,156.22799999999998,0.0,0.8333333333333334,-4.29,-3.691041018947638
42,1.503,168.10799999999995,2.0,0.5,-2.29,-2.1728993897032884
43,1.0978,110.11199999999998,0.0,0.75,-0.17,-1.6018087410220399
44,1.8926,80.12999999999998,0.0,0.0,-2.06,-1.6761084205115475
45,3.2116000000000007,235.906,0.0,0.75,-4.07,-3.999838861039412
46,2.993400000000001,147.00400000000002,0.0,0.75,-3.27,-3.2513038849265756
47,2.811400000000001,134.22199999999998,2.0,0.6,-3.75,-2.962080467528094
48,1.9648,114.094,0.0,0.75,-1.97,-2.271172218416113
49,3.456640000000002,156.228,0.0,0.8333333333333334,-4.14,-3.691041018947638
50,1.503,168.10799999999995,2.0,0.5,-3.39,-2.1728993897032884
51,1.7485,68.119,2.0,0.0,-2.09,-1.483559416802879
52,3.456640000000002,156.228,0.0,0.8333333333333334,-4.678999999999999,-3.691041018947638
53,2.1386000000000003,82.14599999999999,3.0,0.0,-2.68,-1.8622780938548598
54,2.7830000000000004,180.21,0.0,1.0,-2.68,-3.42016888515389
55,2.7441000000000013,154.253,0.0,0.0,-1.74,-2.7968542748047187
56,4.269300000000004,302.4580000000001,0.0,0.0,-3.999,-4.906194736478719
57,2.970200000000001,194.237,0.0,0.9333333333333332,-4.22,-3.6233788950493175
58,2.0373,137.01999999999998,1.0,0.0,-2.43,-2.155669503253186
59,2.1814,137.01999999999998,2.0,0.0,-2.37,-2.2593531638812183
60,3.351700000000002,179.101,5.0,0.0,-4.43,-3.3955091950371616
61,2.9616000000000016,165.074,4.0,0.0,-3.81,-3.016790517985181
62,3.6023000000000014,207.07,0.0,0.9090909090909092,-4.35,-4.166660171591763
63,3.741800000000003,193.128,6.0,0.0,-5.06,-3.7742278720891433
64,2.571500000000001,151.047,3.0,0.0,-3.08,-2.6380718409331996
65,1.7913,122.993,1.0,0.0,-1.73,-1.8806344868292375
66,0.7787999999999999,74.12299999999999,2.0,0.0,0.0,-0.8039199373552015
67,1.5824,56.108,1.0,0.0,-1.94,-1.2842937491796274
68,1.0295999999999998,54.09199999999999,0.0,0.0,-1.24,-0.8641584231906967
69,1.6201,143.411,1.0,0.0,-1.32,-1.8883931307359205
70,1.8812,92.569,1.0,0.0,-2.0,-1.7465404189389875
71,2.0253,92.569,2.0,0.0,-2.03,-1.8502240795670195
72,3.1956000000000016,134.65,5.0,0.0,-4.0,-2.9863801107229624
73,2.805500000000001,120.623,4.0,0.0,-3.12,-2.6076614336709816
74,3.4932000000000016,162.61899999999997,0.0,0.9090909090909092,-3.93,-3.792392683535344
75,2.415400000000001,106.596,3.0,0.0,-2.73,-2.2289427566190008
76,1.6352,78.542,1.0,0.0,-1.47,-1.471505402515039
77,3.119400000000002,158.285,8.0,0.0,-3.63,-3.076231999667087
78,3.923000000000004,140.26999999999998,7.0,0.0,-5.51,-3.556605811491514
79,3.899600000000004,186.339,10.0,0.0,-4.8,-3.83366935377105
80,3.4022000000000023,156.22799999999998,1.0,0.8333333333333334,-4.17,-3.6474603961497207
81,1.9491,116.204,5.0,0.0,-1.81,-1.9400759685111435
82,2.752700000000001,98.189,4.0,0.0,-3.73,-2.4204497803355696
83,2.1999000000000004,96.173,3.0,0.0,-3.01,-2.000314454346639
84,5.460000000000006,242.44699999999992,14.0,0.0,-7.0,-5.3485440619789735
85,1.559,102.177,4.0,0.0,-1.24,-1.561357291459163
86,2.3626000000000005,84.16199999999999,3.0,0.0,-3.23,-2.0417311032835888
87,1.3334,100.161,3.0,0.0,-0.59,-1.3839180143116283
88,1.8098,82.14599999999999,2.0,0.0,-2.36,-1.621595777294658
89,2.2215,184.02,2.0,0.0,-2.96,-2.5992623968914703
90,3.3918000000000026,226.101,5.0,0.0,-4.81,-3.735418428047414
91,3.4444000000000017,254.07,0.0,0.9090909090909092,-4.55,-4.359705658664984
92,1.8314,169.993,1.0,0.0,-2.29,-2.22054371983949
93,2.5067000000000004,96.17300000000002,0.0,0.0,-3.27,-2.2374806170183974
94,3.566220000000002,180.25000000000003,0.0,0.8571428571428571,-5.22,-3.9409234159025277
95,3.148220000000002,142.201,0.0,0.9090909090909092,-3.7,-3.4017647043873667
96,4.301420000000003,192.261,0.0,0.9333333333333332,-5.85,-4.597752659166456
97,-0.9264,126.115,0.0,0.6666666666666666,-0.807,-0.17073098348344617
98,2.5454000000000008,144.17299999999997,0.0,0.9090909090909092,-2.22,-2.967645111583076
99,2.4220000000000006,143.189,0.0,0.9090909090909092,-1.92,-2.869621197878073
100,2.748000000000001,173.171,1.0,0.7692307692307693,-3.54,-3.2469021616907896
101,0.6731,89.09399999999998,2.0,0.0,-0.8,-0.8243160801075071
102,2.7293000000000016,144.258,7.0,0.0,-3.01,-2.697513322615106
103,3.5329000000000024,126.243,6.0,0.0,-5.05,-3.177887134439532
104,2.980100000000002,124.227,5.0,0.0,-4.24,-2.757751808450601
105,6.240200000000008,270.50099999999986,16.0,0.0,-8.4,-6.105981416082935
106,2.3392000000000013,130.23100000000002,6.0,0.0,-2.39,-2.318794645563125
107,3.142800000000002,112.216,5.0,0.0,-4.44,-2.799168457387551
108,2.5900000000000007,110.2,4.0,0.0,-3.66,-2.3790331313986197
109,5.069900000000006,228.41999999999996,13.0,0.0,-6.35,-4.969825384926992
110,1.1689,88.14999999999999,3.0,0.0,-0.6,-1.1826386144071823
111,1.9725,70.135,2.0,0.0,-2.68,-1.663012426231608
112,1.4197,68.11899999999999,1.0,0.0,-1.64,-1.2428771002426773
113,1.7399,122.16699999999996,1.0,0.6666666666666666,-0.92,-2.1191675000749446
114,0.3887,60.096,1.0,0.0,0.62,-0.42520126030322114
115,4.679800000000005,214.39299999999997,12.0,0.0,-5.84,-4.59110670787501
116,9.8876,498.66200000000026,1.0,0.5454545454545454,-11.6,-10.595909619651058
117,8.580799999999998,429.77200000000016,1.0,0.6,-9.16,-9.195066960377444
118,7.274000000000001,360.88200000000006,1.0,0.6666666666666666,-8.01,-7.7993535600859705
119,8.580799999999998,429.77200000000016,1.0,0.6,-9.15,-9.195066960377444
120,7.274000000000001,360.88200000000006,1.0,0.6666666666666666,-8.6,-7.7993535600859705
121,5.967200000000002,291.992,1.0,0.75,-7.28,-6.410692890894937
122,7.9274,395.3270000000001,1.0,0.631578947368421,-7.92,-8.496467867484292
123,7.9274,395.3270000000001,1.0,0.631578947368421,-8.94,-8.496467867484292
124,7.274000000000001,360.88200000000006,1.0,0.6666666666666666,-7.68,-7.7993535600859705
125,6.620600000000001,326.437,1.0,0.7058823529411765,-7.21,-7.103986059152152
126,6.620600000000001,326.437,1.0,0.7058823529411765,-7.43,-7.103986059152152
127,7.274000000000001,360.88200000000006,1.0,0.6666666666666666,-7.42,-7.7993535600859705
128,5.967200000000002,291.9920000000001,1.0,0.75,-6.47,-6.410692890894939
129,2.688500000000001,100.20499999999998,0.0,0.0,-4.36,-2.3989364885605142
130,7.274000000000001,360.88200000000006,1.0,0.6666666666666666,-8.56,-7.7993535600859705
131,7.274000000000001,360.88200000000006,1.0,0.6666666666666666,-8.71,-7.7993535600859705
132,5.967200000000002,291.992,1.0,0.75,-6.57,-6.410692890894937
133,6.620600000000001,326.437,1.0,0.7058823529411765,-7.32,-7.103986059152152
134,3.0786000000000016,114.232,1.0,0.0,-4.74,-2.7776551656124955
135,3.468700000000003,128.259,2.0,0.0,-5.05,-3.1563738426644767
136,5.967200000000002,291.992,1.0,0.75,-7.39,-6.410692890894937
137,1.4149,102.17699999999998,2.0,0.0,-1.04,-1.4608741408572705
138,2.442500000000001,86.17799999999998,0.0,0.0,-3.55,-2.123901472136566
139,2.832600000000001,100.20499999999998,1.0,0.0,-4.36,-2.5026201491885467
140,1.805,116.20399999999998,3.0,0.0,-1.52,-1.839592817909251
141,1.0248,88.14999999999999,0.0,0.0,-0.4,-1.08535597383143
142,4.660400000000002,223.102,1.0,0.8571428571428571,-5.27,-5.032107551847393
143,7.274,360.88200000000006,1.0,0.6666666666666666,-7.82,-7.799353560085969
144,7.9274,395.3270000000001,1.0,0.631578947368421,-7.66,-8.496467867484292
145,7.274000000000001,360.88200000000006,1.0,0.6666666666666666,-7.39,-7.7993535600859705
146,6.620600000000001,326.437,1.0,0.7058823529411765,-7.8,-7.103986059152152
147,6.620600000000001,326.437,1.0,0.7058823529411765,-7.92,-7.103986059152152
148,5.967200000000002,291.992,1.0,0.75,-7.25,-6.410692890894937
149,4.0058,231.893,0.0,0.5454545454545454,-3.15,-4.475886554690566
150,4.005799999999999,231.893,0.0,0.5454545454545454,-3.1,-4.475886554690565
151,5.313800000000001,257.547,1.0,0.8,-6.29,-5.719888921849641
152,5.313800000000001,257.547,1.0,0.8,-6.26,-5.719888921849641
153,3.3524000000000003,197.448,0.0,0.6,-2.67,-3.787006057763573
154,2.9345000000000017,114.232,2.0,0.0,-4.8,-2.6675704849321833
155,4.0058,231.893,0.0,0.5454545454545454,-3.37,-4.475886554690566
156,5.313800000000001,257.547,1.0,0.8,-6.01,-5.719888921849641
157,3.3523999999999994,197.448,0.0,0.6,-2.67,-3.787006057763573
158,3.3523999999999994,197.448,0.0,0.6,-2.64,-3.787006057763573
159,2.901600000000001,192.00100000000003,1.0,0.5454545454545454,-3.48,-3.390403037591263
160,2.699,163.003,0.0,0.6666666666666666,-1.3,-3.103254819818719
161,2.1386000000000003,82.146,1.0,0.0,-2.4,-1.86867911390714
162,2.2984,86.178,1.0,0.0,-3.65,-2.0138167914562533
163,3.456640000000002,156.22799999999998,0.0,0.8333333333333334,-4.72,-3.691041018947638
164,2.688500000000001,100.20499999999998,2.0,0.0,-4.28,-2.392535468508234
165,1.69844,107.156,0.0,0.75,0.38,-2.0278176690227747
166,5.313800000000001,257.547,1.0,0.8,-6.27,-5.719888921849641
167,5.313800000000001,257.547,1.0,0.8,-6.25,-5.719888921849641
168,3.3524000000000003,197.448,0.0,0.6,-2.21,-3.787006057763573
169,5.313800000000001,257.547,1.0,0.8,-6.14,-5.719888921849641
170,3.3523999999999994,197.448,0.0,0.6,-2.34,-3.787006057763573
171,2.3174600000000005,136.194,0.0,0.6,-2.05,-2.6151221203196395
172,1.7196200000000006,227.132,3.0,0.375,-3.22,-2.6669934876369097
173,2.699,163.003,0.0,0.6666666666666666,-1.55,-3.103254819818719
174,1.8034,116.20399999999998,2.0,0.0,-0.92,-1.8416065501904453
175,1.6593,116.20399999999998,2.0,0.0,-1.22,-1.7347223795362732
176,1.8675,114.18799999999996,2.0,0.0,-1.3,-1.8758477084610017
177,2.688500000000001,100.20499999999998,2.0,0.0,-4.26,-2.392535468508234
178,2.00904,122.167,0.0,0.6666666666666666,-1.19,-2.3219988615227636
179,1.69844,107.156,0.0,0.75,0.38,-2.0278176690227747
180,1.8114200000000005,182.135,2.0,0.4615384615384615,-2.82,-2.4779580395932204
181,4.660400000000002,223.102,1.0,0.8571428571428571,-5.28,-5.032107551847393
182,4.660400000000002,223.102,1.0,0.8571428571428571,-5.25,-5.032107551847393
183,2.699,163.003,0.0,0.6666666666666666,-1.79,-3.103254819818719
184,3.456640000000002,156.228,0.0,0.8333333333333334,-4.89,-3.691041018947638
185,2.00904,122.167,0.0,0.6666666666666666,-1.29,-2.3219988615227636
186,1.69844,107.156,0.0,0.75,0.45,-2.0278176690227747
187,1.8114200000000005,182.135,2.0,0.4615384615384615,-3.0,-2.4779580395932204
188,4.660400000000003,223.102,1.0,0.8571428571428571,-5.21,-5.032107551847394
189,2.8516400000000006,157.216,0.0,0.8333333333333334,-1.94,-3.248810761339793
190,3.575200000000001,193.249,0.0,0.9333333333333332,-5.17,-4.065609152657162
191,3.6023000000000014,207.07,0.0,0.9090909090909092,-4.4,-4.166660171591763
192,3.6023000000000014,207.07,0.0,0.9090909090909092,-4.4,-4.166660171591763
193,1.7897,122.993,0.0,0.0,-1.59,-1.8826482191104321
194,2.7575200000000013,171.03699999999998,0.0,0.75,-2.23,-3.234943393835016
195,0.9854,72.107,1.0,0.0,0.52,-0.9470589985611246
196,0.7614000000000001,70.09100000000001,1.0,0.0,0.32,-0.7676059891323961
197,0.7953999999999999,118.176,5.0,0.0,-0.42,-1.097348798122049
198,2.4138,106.596,1.0,0.0,-2.51,-2.2341569989263346
199,2.3486,142.58499999999998,1.0,0.6666666666666666,-2.46,-2.705406121033598
200,4.007000000000002,188.657,1.0,0.9230769230769232,-4.54,-4.348046303744278
201,2.0237,92.569,1.0,0.0,-1.96,-1.8522378118482137
202,3.4932000000000016,162.61899999999997,0.0,0.9090909090909092,-4.14,-3.792392683535344
203,2.0456000000000003,128.558,0.0,0.75,-1.06,-2.426556312974307
204,1.6336,78.542,0.0,0.0,-1.41,-1.4735191347962333
205,2.6484200000000007,126.586,0.0,0.75,-3.52,-2.860675905778597
206,-1.2591199999999998,84.082,0.0,0.0,-0.31,0.6355557421271216
207,3.3260000000000023,156.269,7.0,0.0,-3.3,-3.21937106087301
208,1.644,107.15599999999998,1.0,0.75,0.51,-1.9842370462248566
209,1.4149,102.177,3.0,0.0,-1.17,-1.4576736308311307
210,2.1951000000000005,130.231,5.0,0.0,-2.11,-2.2151109849350923
211,2.3218000000000005,126.19899999999998,4.0,0.0,-2.46,-2.2856812073664585
212,1.6215,100.161,3.0,0.0,-1.52,-1.5976121820109137
213,2.401700000000001,128.21499999999995,5.0,0.0,-2.13,-2.3550495361148753
214,3.402200000000001,156.22799999999998,1.0,0.8333333333333334,-4.29,-3.64746039614972
215,2.5574200000000005,120.19499999999996,1.0,0.6666666666666666,-3.21,-2.712537831529135
216,1.9475,116.20399999999998,4.0,0.0,-1.55,-1.9420897007923377
217,2.1557000000000004,114.188,4.0,0.0,-1.45,-2.083215029717067
218,1.5574,102.17699999999998,3.0,0.0,-0.89,-1.5633710237403569
219,1.7656,100.161,3.0,0.0,-0.8,-1.7044963526650858
220,0.1253999999999998,148.125,0.0,0.9090909090909092,-1.947,-1.1987240811516995
221,0.7871999999999999,95.101,0.0,0.8571428571428571,1.02,-1.3177028786655391
222,1.8298,169.993,0.0,0.0,-2.09,-2.222557452120684
223,3.118420000000002,134.22199999999995,1.0,0.6,-3.76,-3.1930087920875034
224,0.4283999999999998,162.152,1.0,0.8333333333333334,-1.11,-1.480779676074827
225,1.9725,70.13499999999999,0.0,0.0,-2.56,-1.669413446283888
226,1.7485,68.11900000000001,1.0,0.0,-2.03,-1.4867599268290193
227,1.9725,70.13499999999999,1.0,0.0,-2.73,-1.666212936257748
228,2.3626000000000005,84.16199999999999,2.0,0.0,-3.03,-2.044931613309729
229,2.337600000000001,130.231,4.0,0.0,-1.72,-2.3240088878704594
230,1.9475,116.20399999999998,3.0,0.0,-1.08,-1.9452902108184777
231,1.5574,102.17699999999998,2.0,0.0,-0.49,-1.566571533766497
232,1.4133,102.177,2.0,0.0,-0.7,-1.459687363112325
233,4.301420000000002,192.261,0.0,0.9333333333333332,-6.96,-4.597752659166455
234,1.1673,88.14999999999998,1.0,0.0,0.15,-1.1878528567145166
235,2.0524,72.151,1.0,0.0,-3.18,-1.7387817750323047
236,1.0248,88.14999999999999,2.0,0.0,-0.47,-1.0789549537791499
237,3.2227000000000023,114.232,4.0,0.0,-5.08,-2.874937806188248
238,3.148220000000001,142.201,0.0,0.9090909090909092,-3.77,-3.401764704387366
239,2.442500000000001,86.178,2.0,0.0,-3.74,-2.1175004520842857
240,1.4149,102.177,3.0,0.0,-1.11,-1.4576736308311307
241,4.301420000000003,192.261,0.0,0.9333333333333332,-5.84,-4.597752659166456
242,1.70062,108.14,0.0,0.75,-0.62,-2.035928333826329
243,0.6347,74.12299999999999,1.0,0.0,0.1,-0.7002362767271695
244,1.6623,58.124,0.0,0.0,-2.55,-1.3600630979803243
245,1.5824,56.108,0.0,0.0,-2.33,-1.2874942592057674
246,0.7282199999999999,146.153,0.0,0.9090909090909092,-0.12,-1.6328436739559888
247,1.1853,86.134,0.0,0.0,0.11,-1.1911004912349652
248,2.5454,144.17299999999997,0.0,0.9090909090909092,-2.28,-2.9676451115830758
249,0.6715,89.094,1.0,0.0,-0.62,-0.8263298123887015
250,2.727700000000002,144.258,6.0,0.0,-2.74,-2.6995270548963
251,2.935900000000001,142.242,6.0,0.0,-2.58,-2.8406523838210282
252,2.337600000000001,130.231,5.0,0.0,-2.09,-2.3208083778443194
253,2.5458000000000007,128.21499999999995,5.0,0.0,-2.05,-2.4619337067690474
254,1.1673,88.14999999999999,2.0,0.0,-0.29,-1.1846523466883765
255,1.3755,86.13399999999999,2.0,0.0,-0.19,-1.325777675613105
256,1.0577,138.16599999999997,3.0,0.6,-0.7,-1.6841248900840362
257,0.3871,60.096,0.0,0.0,0.43,-0.4272149925844154
258,-0.1036,85.10600000000001,0.0,0.0,1.07,-0.2282927961355622
259,3.5079000000000025,172.312,8.0,0.0,-2.94,-3.4569644090002627
260,1.4149,102.177,1.0,0.0,-0.5,-1.4640746508834108
261,1.4133,102.177,0.0,0.0,-0.62,-1.4660883831646052
262,1.6215,100.161,0.0,0.0,-0.72,-1.607213712089334
263,2.832600000000001,100.20499999999998,2.0,0.0,-4.23,-2.4994196391624066
264,2.901600000000001,192.001,1.0,0.5454545454545454,-3.2,-3.390403037591263
265,2.6990000000000007,163.003,0.0,0.6666666666666666,-1.25,-3.1032548198187198
266,2.00904,122.167,0.0,0.6666666666666666,-1.38,-2.3219988615227636
267,1.69844,107.156,0.0,0.75,0.36,-2.0278176690227747
268,4.660400000000002,223.102,1.0,0.8571428571428571,-6.39,-5.032107551847393
269,2.699,163.003,0.0,0.6666666666666666,-1.34,-3.103254819818719
270,2.00904,122.16699999999996,0.0,0.6666666666666666,-1.4,-2.3219988615227636
271,1.69844,107.15599999999998,0.0,0.75,0.38,-2.0278176690227743
272,2.782800000000001,352.39000000000004,6.0,0.4615384615384615,-5.071000000000001,-4.309222048150131
273,2.3486,142.58499999999998,1.0,0.6666666666666666,-2.78,-2.705406121033598
274,4.007000000000002,188.657,1.0,0.9230769230769232,-4.88,-4.348046303744278
275,2.0456,128.558,0.0,0.75,-0.7,-2.426556312974307
276,1.13888,89.525,1.0,0.0,-0.29,-1.1758467110985171
277,2.0025999999999997,324.33600000000007,4.0,0.5,-4.47,-3.5680602273548816
278,1.9475,116.204,3.0,0.0,-0.85,-1.9452902108184777
279,1.9475,116.20399999999998,4.0,0.0,-1.47,-1.9420897007923377
280,3.9531000000000023,394.471,9.0,0.4137931034482758,-6.301,-5.425173968991812
281,1.5574,102.177,3.0,0.0,-0.8,-1.563371023740357
282,1.7656,100.161,3.0,0.0,-0.83,-1.7044963526650858
283,3.5630000000000024,380.444,8.0,0.4285714285714285,-5.886,-5.052708945132341
284,1.8098,82.14599999999999,0.0,0.0,-1.99,-1.6279967973469383
285,1.8284,70.135,1.0,0.0,-2.73,-1.5593287656035757
286,1.0232,88.14999999999999,1.0,0.0,-0.18,-1.0809686860603445
287,1.2314,86.13399999999999,1.0,0.0,-0.12,-1.222094014985073
288,1.4149,102.177,3.0,0.0,-0.72,-1.4576736308311307
289,1.4149,102.177,3.0,0.0,-0.71,-1.4576736308311307
290,1.6215,100.161,2.0,0.0,-0.67,-1.6008126920370538
291,2.3376,130.23099999999997,4.0,0.0,-1.6,-2.3240088878704586
292,1.9475,116.20399999999998,3.0,0.0,-0.98,-1.9452902108184777
293,1.5574,102.17699999999998,2.0,0.0,-0.36,-1.566571533766497
294,1.0248,88.14999999999999,2.0,0.0,-0.51,-1.0789549537791499
295,5.553220000000004,268.3589999999999,0.0,0.8571428571428571,-7.92,-5.9962079691951455
296,3.2227000000000023,114.232,4.0,0.0,-5.16,-2.874937806188248
297,2.4763200000000003,131.17799999999997,0.0,0.9,-2.42,-2.8268015450801585
298,2.442500000000001,86.178,2.0,0.0,-3.68,-2.1175004520842857
299,1.7006199999999998,108.14,0.0,0.75,-0.68,-2.035928333826329
300,2.3376,130.23099999999997,5.0,0.0,-1.98,-2.3208083778443185
301,4.343200000000004,408.498,10.0,0.4,-6.523,-5.7980559030641174
302,1.1673,88.15,2.0,0.0,-0.24,-1.1846523466883767
303,1.3755,86.134,2.0,0.0,-0.28,-1.3257776756131052
304,3.172900000000002,366.417,7.0,0.4444444444444444,-4.678,-4.680707154842686
305,2.3927000000000005,338.36300000000006,5.0,0.48,-4.907,-3.938315627086333
306,4.660400000000002,223.102,1.0,0.8571428571428571,-6.56,-5.032107551847393
307,2.1547,173.009,0.0,0.75,-1.09,-2.800823801030726
308,2.7575200000000013,171.03700000000003,0.0,0.75,-3.19,-3.2349433938350165
309,2.3486,142.585,1.0,0.6666666666666666,-2.78,-2.705406121033598
310,2.0456,128.558,0.0,0.75,-0.7,-2.426556312974307
311,2.6484200000000007,126.586,0.0,0.75,-3.08,-2.860675905778597
312,2.5574200000000005,120.19499999999996,1.0,0.6666666666666666,-3.11,-2.712537831529135
313,1.9475,116.204,4.0,0.0,-1.4,-1.9420897007923377
314,2.1557000000000004,114.188,4.0,0.0,-1.3,-2.083215029717067
315,3.220600000000001,194.27399999999992,5.0,0.4285714285714285,-2.59,-3.57975423589224
316,0.7871999999999999,95.10099999999998,0.0,0.8571428571428571,1.02,-1.3177028786655391
317,3.118420000000002,134.22199999999998,1.0,0.6,-3.77,-3.1930087920875034
318,0.4283999999999998,162.15200000000002,1.0,0.8333333333333334,-1.11,-1.4807796760748273
319,1.4133,102.17699999999998,2.0,0.0,-0.8,-1.4596873631123248
320,1.6215,100.161,2.0,0.0,-0.74,-1.6008126920370538
321,3.662020000000002,168.239,1.0,0.9230769230769232,-4.62,-3.9574183245963
322,1.4149,102.177,3.0,0.0,-1.14,-1.4576736308311307
323,0.7282199999999999,146.15299999999996,0.0,0.9090909090909092,-0.466,-1.6328436739559886
324,1.5531999999999997,180.163,2.0,0.4615384615384615,-2.692,-2.27341318895498
325,0.9449,86.134,3.0,0.0,-0.15,-1.0031856049784533
326,1.1050999999999993,224.26,3.0,0.0,-2.253,-2.033542276582416
327,1.3510999999999993,238.287,3.0,0.0,-2.593,-2.3085772930063646
328,0.4909999999999996,208.217,4.0,0.0,-2.077,-1.4689695700494267
329,0.6507999999999994,212.249,2.0,0.0,-2.766,-1.6205082676508198
330,-0.6214000000000004,156.141,0.0,0.0,-1.742,-0.3130008806989619
331,2.271,148.205,0.0,0.5454545454545454,-1.99,-2.6368432091333673
332,5.763040000000004,256.348,0.0,0.9,-7.01,-6.0907108169790245
333,0.3248999999999995,196.206,3.0,0.0,-1.614,-1.2697039024261747
334,0.5708999999999995,210.233,3.0,0.0,-1.7080000000000002,-1.5447389188501233
335,-0.0652000000000003,182.179,2.0,0.0,-1.16,-0.8909852253741943
336,0.8664999999999998,244.25,3.0,0.3333333333333333,-2.369,-2.1295380431079933
337,1.1849999999999992,226.27599999999995,4.0,0.0,-2.658,-2.102910605330832
338,0.4047999999999994,198.222,2.0,0.0,-2.148,-1.3454732512268714
339,0.7003999999999997,232.239,2.0,0.3529411764705882,-2.322,-1.9385697061911435
340,-0.7977000000000001,130.078,0.0,0.6666666666666666,-1.077,-0.2923453190941422
341,1.9404,145.161,0.0,0.9090909090909092,-2.54,-2.525414853975232
342,-0.2313000000000005,170.16799999999998,1.0,0.0,-1.228,-0.6917195577509423
343,5.454620000000004,242.321,0.0,0.9473684210526316,-6.59,-5.789421237960585
344,-0.3394800000000001,125.131,0.0,0.6666666666666666,-1.4580000000000002,-0.5995770496470869
345,2.935900000000001,142.242,6.0,0.0,-2.58,-2.8406523838210282
346,4.728400000000002,243.309,0.0,0.9473684210526316,-6.2,-5.257277731451293
347,1.9404,145.161,0.0,0.9090909090909092,-2.16,-2.525414853975232
348,0.4283999999999998,162.15200000000002,1.0,0.8333333333333334,-1.139,-1.4807796760748273
349,5.454620000000004,242.321,0.0,0.9473684210526316,-6.57,-5.789421237960585
350,5.763040000000005,256.348,0.0,0.9,-7.02,-6.090710816979026
351,0.4283999999999998,162.152,1.0,0.8333333333333334,-0.91,-1.480779676074827
352,0.7282199999999998,146.153,0.0,0.9090909090909092,-0.8540000000000001,-1.6328436739559886
353,1.9403999999999997,145.16099999999997,0.0,0.9090909090909092,-2.42,-2.525414853975231
354,4.609840000000004,206.288,0.0,0.875,-6.57,-4.894402283513553
355,3.6986000000000017,194.233,0.0,0.9333333333333332,-4.73,-4.163633066362165
356,4.301420000000003,192.261,0.0,0.9333333333333332,-5.89,-4.597752659166456
357,5.630000000000004,466.47900000000016,10.0,0.4444444444444444,-6.237,-7.153961369677555
358,2.938400000000001,154.21199999999996,0.0,0.8333333333333334,-4.63,-3.2933395822233935
359,3.3236000000000017,152.19599999999994,0.0,0.8333333333333334,-3.96,-3.565752199182741
360,1.24,183.169,3.0,0.0,0.54,-1.8624319365241018
361,-0.5084,59.068,0.0,0.0,1.58,0.24379372447646325
362,1.6449999999999998,135.16599999999997,1.0,0.6,-1.33,-2.106349710878051
363,-0.8561000000000003,222.251,2.0,0.3846153846153846,-2.36,-0.7315473685710933
364,0.52988,41.053,0.0,0.0,0.26,-0.4074502030617332
365,1.8892,120.15099999999995,1.0,0.6666666666666666,-1.28,-2.2166045732638593
366,1.9493400000000003,293.34800000000007,3.0,0.55,-3.59,-3.348415936673749
367,3.3880000000000017,179.22199999999998,0.0,1.0,-3.67,-3.8623991427617343
368,0.3712999999999999,56.064,1.0,0.0,0.57,-0.3856868020542752
369,0.6959799999999999,53.06399999999999,0.0,0.0,0.15,-0.6099163807111248
370,-0.0648999999999999,135.13,0.0,0.9,-2.12,-0.9679672657473335
371,3.2664000000000017,300.3980000000001,0.0,0.0,-3.48,-4.148713118278094
372,2.9871000000000016,269.77199999999993,6.0,0.3333333333333333,-3.26,-3.861288595372613
373,1.8457,360.4500000000001,3.0,0.0,-3.85,-3.481626391502767
374,5.270200000000002,364.914,0.0,0.0,-6.307,-6.06076229804073
375,-2.1798,158.117,1.0,0.0,-1.6,0.8330809985047924
376,1.7553,162.27899999999997,5.0,0.0,-0.83,-2.1003888066429064
377,-0.3538,136.114,0.0,0.9,-2.266,-0.7601733893016414
378,-2.0785,142.07,0.0,0.0,-1.25,0.8606410828503381
379,-4.819399999999998,286.156,1.0,0.0,-1.99,1.9460038538982862
380,0.0696000000000001,210.285,3.0,0.4,-3.364,-1.3425153250053055
381,1.8456,227.337,5.0,0.4,-3.04,-2.7659683269542175
382,-3.1080199999999985,457.4320000000001,7.0,0.1875,-0.77,-0.5138249195813369
383,1.77922,208.261,2.0,0.4,-2.36,-2.600445770944042
384,1.55042,231.299,2.0,0.6470588235294118,-0.364,-2.687316866195838
385,0.7253000000000001,100.146,0.0,0.8333333333333334,-0.36,-1.2950073936973951
386,4.871880000000004,293.41400000000004,4.0,0.5454545454545454,-5.47,-5.511480900441089
387,-0.6131000000000002,84.082,0.0,0.8333333333333334,0.522,-0.19625716213860106
388,1.1849999999999998,226.276,4.0,0.0,-2.468,-2.102910605330833
389,1.0666200000000003,203.245,1.0,0.7333333333333333,-0.624,-2.183037834425097
390,2.1311,256.30499999999995,4.0,0.631578947368421,-2.596,-3.2700979411165787
391,4.087400000000003,286.415,0.0,0.0,-3.69,-4.665400878325327
392,3.959100000000003,290.447,0.0,0.0,-4.402,-4.596844388175153
393,2.728300000000001,148.20499999999998,2.0,0.5454545454545454,-3.13,-2.9696381033083807
394,1.2688,93.129,0.0,0.8571428571428571,-0.41,-1.6619092225683798
395,4.331900000000004,367.86,7.0,0.2857142857142857,-4.432,-5.482733160545688
396,1.6952,108.13999999999996,1.0,0.75,-1.85,-2.028707614189185
397,3.993000000000002,178.23399999999995,0.0,1.0,-6.35,-4.3046294003695795
398,2.4620000000000006,208.216,0.0,0.75,-5.19,-3.2610997449604286
399,1.48442,188.23,1.0,0.7857142857142857,0.715,-2.416012884051421
400,2.06422,300.3620000000001,2.0,0.2727272727272727,-3.5380000000000003,-3.3657825582740357
401,5.505100000000005,366.84400000000016,2.0,0.4615384615384615,-5.931,-6.436638073424977
402,1.1322999999999996,211.269,5.0,0.4,-2.084,-2.1308509285502146
403,1.7770999999999997,215.688,4.0,0.4285714285714285,-3.85,-2.6535754331131685
404,2.0905,259.762,5.0,0.375,-1.716,-3.1510216774337123
405,4.102000000000002,182.226,2.0,0.8571428571428571,-4.45,-4.344969912866626
406,1.0537,223.165,5.0,0.0,0.6509999999999999,-1.9817898225529809
407,3.130700000000001,258.104,2.0,0.375,-4.37,-3.9212355019032725
408,0.1587999999999993,184.195,2.0,0.0,-2.4,-1.0704382348029229
409,1.6254,421.4220000000001,3.0,0.4444444444444444,-3.59,-3.90866535424362
410,4.148200000000004,335.28200000000004,7.0,0.2608695652173913,-5.53,-5.120971886115509
411,4.057500000000004,410.5360000000002,8.0,0.2142857142857142,-4.71,-5.5274046559569125
412,3.5435000000000016,323.133,2.0,0.75,-4.21,-4.815254435995337
413,2.572400000000001,290.323,4.0,0.4285714285714285,-4.883,-3.7360145445465713
414,3.7726000000000015,397.52400000000006,10.0,0.2608695652173913,-4.2,-5.243525945458451
415,1.4991,106.12399999999997,1.0,0.75,-1.19,-1.869949041687947
416,0.7855000000000001,121.13899999999995,1.0,0.6666666666666666,-0.96,-1.4044705272782518
417,1.6866,78.11399999999999,0.0,1.0,-1.64,-1.9331705267399584
418,2.768300000000001,184.238,2.0,0.8571428571428571,-2.55,-3.368994216907971
419,1.1077,260.253,5.0,0.5789473684210527,-2.81,-2.511586845282411
420,4.411000000000003,216.283,0.0,0.9411764705882352,-6.68,-4.840878658260417
421,5.737200000000003,252.316,0.0,1.0,-8.699,-6.08725249272814
422,5.640400000000003,252.316,0.0,1.0,-8.23,-6.015452439158926
423,4.411000000000002,216.283,0.0,0.9411764705882352,-8.04,-4.840878658260417
424,5.737200000000003,252.316,0.0,1.0,-7.8,-6.08725249272814
425,5.640400000000003,252.316,0.0,1.0,-8.0,-6.015452439158926
426,5.640400000000003,252.316,0.0,1.0,-8.49,-6.015452439158926
427,6.3282000000000025,276.338,0.0,1.0,-9.018,-6.684146148271891
428,1.4455,165.19199999999998,2.0,0.5,-2.616,-2.111006097779253
429,2.602900000000001,212.248,3.0,0.75,-2.85,-3.382617080318951
430,1.55828,103.12399999999997,0.0,0.75,-1.0,-1.8972476882928695
431,2.917600000000001,182.222,2.0,0.8571428571428571,-3.12,-3.4664312900968866
432,2.2963,135.191,0.0,1.0,-1.5,-2.7620734648272713
433,0.9578999999999998,119.127,0.0,1.0,-0.78,-1.6633232332684775
434,1.8278,119.12299999999998,0.0,1.0,-1.16,-2.308533061399961
435,2.4254000000000007,126.58599999999996,1.0,0.75,-2.39,-2.692053412828838
436,2.705400000000001,146.111,0.0,0.6,-2.51,-2.9683161642326
437,0.8548999999999998,150.18099999999998,2.0,0.5454545454545454,-0.95,-1.5931098655945806
438,3.636800000000003,476.5850000000002,6.0,0.0,-4.71,-5.566954411331489
439,3.4718000000000018,182.266,3.0,0.8571428571428571,-4.62,-3.8745912892868293
440,3.353600000000002,154.21199999999996,1.0,1.0,-4.345,-3.6686352080150804
441,4.450000000000003,256.308,1.0,1.0,-5.4,-5.155633566429012
442,2.1935,154.253,0.0,0.0,-2.32,-2.388454383325278
443,1.57852,261.119,2.0,0.4285714285714285,-2.523,-2.8124938639211923
444,7.183700000000006,527.4140000000002,6.0,0.8,-4.445,-8.871783458430924
445,2.4491000000000005,157.01,0.0,0.8571428571428571,-2.55,-2.9589481962820696
446,1.5776,129.384,0.0,0.0,-0.89,-1.7675019187733936
447,2.1425,163.82899999999998,0.0,0.0,-1.54,-2.413820437102705
448,1.4012,108.966,0.0,0.0,-1.09,-1.5019158097772571
449,1.0111,94.939,0.0,0.0,-0.79,-1.1199966226991367
450,4.652000000000002,366.0,4.0,0.375,-6.09,-5.7552722619977015
451,4.3991000000000025,428.12000000000006,4.0,0.5454545454545454,-4.93,-6.0497639634235885
452,2.78888,276.915,0.0,0.5454545454545454,-3.33,-3.870365334169699
453,1.5771999999999995,266.098,1.0,0.8,-3.127,-3.004748190013324
454,1.74462,316.4270000000001,8.0,0.2857142857142857,-4.16,-3.221033525368147
455,0.7948999999999993,212.249,3.0,0.0,-2.39,-1.7241919282788518
456,3.999800000000003,263.381,1.0,0.3157894736842105,-4.24,-4.57884743249341
457,4.157400000000004,311.85300000000007,9.0,0.2857142857142857,-4.19,-4.977293966241582
458,1.6836,303.156,4.0,0.0,-2.647,-2.98009197629056
459,2.2257,193.246,4.0,0.4285714285714285,-3.082,-2.83821746145275
460,0.7771999999999999,74.12299999999999,1.0,0.0,0.47,-0.8059336696363957
461,1.8064,58.124,1.0,0.0,-2.57,-1.4637467586083563
462,1.7163,90.191,2.0,0.0,-2.18,-1.605334567269721
463,0.9389999999999998,212.249,4.0,0.0,-1.661,-1.8278755889068843
464,1.0257999999999998,256.331,1.0,0.2941176470588235,-1.877,-2.317228722770298
465,2.825400000000001,236.702,2.0,0.375,-3.9,-3.553545930703882
466,0.9595,102.13299999999998,4.0,0.0,-1.37,-1.116396137339305
467,3.4735000000000023,217.378,5.0,0.0,-3.68,-3.738452848214074
468,3.029200000000001,134.22199999999998,3.0,0.6,-4.06,-3.1204300780326872
469,0.9854,72.107,2.0,0.0,-0.01,-0.9438584885349848
470,-1.0293,194.194,0.0,0.6428571428571429,-0.8759999999999999,-0.5336026044377087
471,2.401700000000001,152.237,0.0,0.0,-1.96,-2.529579712250008
472,1.7656,100.161,4.0,0.0,-1.3,-1.7012958426389462
473,3.520900000000001,349.06600000000014,3.0,0.0,-5.4,-4.649056618758543
474,3.3306000000000013,212.252,2.0,0.75,-3.15,-3.925605340541891
475,2.5580000000000007,201.225,1.0,0.6666666666666666,-3.224,-3.247706758599017
476,3.3211000000000013,167.21099999999998,0.0,1.0,-5.27,-3.733513185298976
477,1.7597,236.271,4.0,0.3529411764705882,-1.83,-2.7444979771746385
478,2.1183,221.25599999999997,1.0,0.375,-2.8,-2.9303325510454195
479,5.420300000000004,342.875,8.0,0.3333333333333333,-5.736000000000001,-6.142106150312177
480,2.620000000000001,235.308,2.0,0.375,-3.14,-3.391993957517884
481,1.1349999999999998,237.097,3.0,0.0,-2.68,-2.1404349944088854
482,2.824020000000001,150.22099999999998,1.0,0.5454545454545454,-2.08,-3.0571417170622284
483,2.4879000000000007,150.22099999999998,1.0,0.0,-2.06,-2.5770127280964865
484,-0.4628999999999993,309.529,2.0,0.0,-1.84,-1.4364136155348746
485,0.909,323.13200000000006,6.0,0.3,-2.111,-2.657918326248273
486,2.2174,257.76899999999995,6.0,0.3529411764705882,-4.4110000000000005,-3.219460638296223
487,3.127600000000002,293.548,2.0,0.4,-3.924,-4.163419686579902
488,2.910200000000001,223.659,2.0,0.4,-2.617,-3.540949989824186
489,5.682800000000001,409.7819999999999,0.0,0.0,-6.86,-6.66289858452301
490,5.024200000000001,338.876,0.0,0.0,-5.64,-5.706463468614565
491,2.8698200000000007,196.681,2.0,0.4615384615384615,-2.86,-3.359004476323743
492,1.1715999999999998,414.82700000000017,8.0,0.4444444444444444,-4.5760000000000005,-3.512540790967527
493,-0.2895000000000001,93.513,1.0,0.0,-0.02,-0.14268359648220008
494,0.74878,75.498,0.0,0.0,-0.092,-0.7971280340465365
495,2.34,112.55899999999995,0.0,0.8571428571428571,-2.38,-2.58468070822565
496,2.2986000000000004,208.28,0.0,0.0,-1.9,-2.8229495214169043
497,1.2451,64.515,0.0,0.0,-1.06,-1.0927867254630586
498,1.3687,62.499,0.0,0.0,-1.75,-1.1711611811237832
499,3.2969000000000017,213.664,2.0,0.4285714285714285,-3.38,-3.7739100443620512
500,1.5908000000000002,164.375,0.0,0.0,-2.0,-2.0082078364813714
501,4.180900000000003,339.21800000000013,4.0,0.5454545454545454,-4.53,-5.3012289873107505
502,4.043559999999999,265.914,0.0,0.4285714285714285,-5.64,-4.678947508801798
503,-0.0608999999999992,295.72900000000004,1.0,0.3529411764705882,-3.05,-1.7960740824868329
504,2.741920000000001,212.68,1.0,0.4285714285714285,-3.46,-3.3589681787058963
505,4.225800000000003,290.75,3.0,0.6,-4.89,-5.040961771404772
506,4.718100000000002,350.591,6.0,0.3333333333333333,-5.67,-5.678580042686296
507,4.2434,267.93,0.0,0.7142857142857143,-5.43,-4.961384136003705
508,0.9242000000000008,338.7720000000001,2.0,0.5454545454545454,-3.451,-2.889074807419436
509,2.741920000000001,212.68,1.0,0.4285714285714285,-3.483,-3.3589681787058963
510,1.7744999999999995,169.567,0.0,0.8181818181818182,-2.8310000000000004,-2.5249531392581477
511,5.244800000000004,254.332,0.0,0.9,-7.85,-5.693009380254782
512,5.146200000000003,228.294,0.0,1.0,-8.057,-5.49035883718439
513,1.9352,96.94400000000002,0.0,0.0,-1.3,-1.81866647719804
514,2.832600000000001,112.216,0.0,0.0,-4.3,-2.5850844722169026
515,1.9725,70.135,1.0,0.0,-2.54,-1.666212936257748
516,2.878000000000001,152.237,4.0,0.0,-2.06,-2.8700665720939713
517,2.640000000000001,239.702,2.0,0.375,-2.338,-3.435825864770696
518,3.037700000000001,315.716,2.0,0.5454545454545454,-3.499,-4.304581302173709
519,6.919200000000002,300.36000000000007,0.0,1.0,-9.332,-7.281039803815641
520,2.666700000000002,346.46700000000016,2.0,0.0,-3.24,-4.00151466157614
521,1.9898,360.45000000000016,2.0,0.0,-3.11,-3.5917110721830796
522,2.560600000000001,402.48700000000025,3.0,0.0,-4.21,-4.289306969271445
523,4.263000000000003,342.7780000000001,4.0,0.6666666666666666,-5.839,-5.436911505747714
524,4.431120000000004,362.7710000000001,6.0,0.4545454545454545,-5.382000000000001,-5.597388298595199
525,3.9668000000000023,292.33400000000006,1.0,0.7272727272727273,-2.84,-4.919563604484976
526,1.6708799999999997,240.698,4.0,0.375,-3.15,-2.717166435951919
527,3.5141000000000027,215.36199999999997,3.0,0.0,-3.4,-3.7616642284080215
528,1.2492,236.27099999999996,2.0,0.0,-2.17,-2.2228907702649447
529,-0.4773,168.15200000000002,0.0,0.0,-1.655,-0.4991488643553508
530,2.730700000000001,98.189,0.0,0.0,-3.51,-2.4169336264471264
531,1.7015,114.188,0.0,0.0,-0.88,-1.7591205374751655
532,2.5067000000000004,96.173,0.0,0.0,-3.18,-2.2374806170183974
533,0.6929999999999998,210.233,0.0,0.0,-3.168,-1.6449064255897126
534,2.3406,84.162,0.0,0.0,-3.1,-2.035014439369005
535,1.3114,100.161,0.0,0.0,-0.44,-1.377201350397045
536,1.5196,98.145,0.0,0.0,-0.6,-1.5183266793217738
537,2.1166,82.146,0.0,0.0,-2.59,-1.8555614299402765
538,1.0415,281.35200000000003,3.0,0.0,-1.13,-2.3631332939010785
539,0.3029,196.206,0.0,0.0,-3.06,-1.262987238511592
540,3.120800000000002,112.216,0.0,0.0,-4.15,-2.7988528135252477
541,2.0916,128.215,0.0,0.0,-1.29,-2.1410397245532864
542,1.0831,224.26,0.0,0.0,-2.982,-2.026825612667833
543,1.9505,70.135,0.0,0.0,-2.64,-1.6530952522908846
544,1.7265,68.11900000000001,0.0,0.0,-2.1,-1.4736422428621558
545,-0.0872000000000001,182.179,0.0,0.0,-2.349,-0.8810680514334712
546,-0.8674000000000002,154.125,0.0,0.0,-1.886,-0.11722967727723
547,2.3705,198.30999999999992,1.0,0.0,-2.218,-2.807285130148895
548,6.317080000000003,434.29400000000015,6.0,0.4137931034482758,-7.337000000000001,-7.451027448827173
549,6.543980000000005,449.8560000000001,6.0,0.3870967741935484,-8.176,-7.710728261050612
550,6.177980000000004,416.30400000000014,6.0,0.4285714285714285,-8.017000000000001,-7.235384772928292
551,-0.6479000000000001,111.104,0.0,0.75,-1.155,-0.31350652195065276
552,4.221000000000004,337.4630000000001,0.0,0.2,-5.507000000000001,-5.186009047578537
553,1.6838000000000002,248.307,2.0,0.7058823529411765,-3.094,-2.9233819753790287
554,5.929000000000003,320.04600000000005,3.0,0.6666666666666666,-7.2,-6.525829772956966
555,6.187900000000003,318.0300000000001,2.0,0.6666666666666666,-6.9,-6.7077616317008015
556,6.495500000000002,354.491,2.0,0.631578947368421,-7.15,-7.161687724109063
557,3.3668000000000022,138.254,0.0,0.0,-5.19,-3.153151642951413
558,6.694400000000005,314.5220000000001,12.0,0.0,-5.14,-6.746186383685945
559,6.490180000000005,505.2060000000002,6.0,0.4285714285714285,-8.402000000000001,-8.05364294155669
560,3.695900000000003,330.4680000000001,2.0,0.0,-3.45,-4.659327750548101
561,4.266700000000004,372.5050000000002,3.0,0.0,-4.63,-5.3569236476364654
562,3.8659000000000017,300.314,4.0,0.5454545454545454,-4.632,-4.810844180131802
563,1.8957,392.4670000000002,2.0,0.0,-3.59,-3.73320248308718
564,2.466500000000001,434.5040000000003,3.0,0.0,-4.9,-4.4307983801755455
565,2.401700000000001,152.237,0.0,0.0,-1.85,-2.529579712250008
566,6.433000000000007,390.5640000000003,14.0,0.2142857142857142,-6.96,-7.1383950900989515
567,3.878200000000003,393.85400000000016,8.0,0.2608695652173913,-6.34,-5.304034981572817
568,3.878200000000003,393.85400000000016,8.0,0.2608695652173913,-6.34,-5.304034981572817
569,4.277400000000004,270.225,4.0,0.0,-4.2860000000000005,-4.686686539700334
570,3.153800000000002,284.74600000000004,1.0,0.6,-3.754,-4.212599694744956
571,3.5847200000000026,304.35200000000003,7.0,0.3157894736842105,-3.64,-4.522143182322585
572,3.586000000000002,168.195,0.0,1.0,-4.6,-3.936492755822616
573,4.054500000000002,184.263,0.0,1.0,-4.38,-4.390033159249926
574,1.7337,173.83499999999998,0.0,0.0,-1.17,-2.1766310030875924
575,2.603200000000001,130.231,6.0,0.0,-1.85,-2.514612973479166
576,4.7938000000000045,314.46600000000007,15.0,0.0,-3.896,-5.326471680798585
577,3.600400000000003,278.348,8.0,0.3,-4.4,-4.352284183455723
578,3.144300000000002,297.656,5.0,0.3529411764705882,-4.31,-4.173401350191629
579,1.4215,84.93299999999999,0.0,0.0,-0.63,-1.3583728344591948
580,3.9954000000000014,269.127,2.0,0.7058823529411765,-3.953,-4.775375890910366
581,5.599500000000002,370.49,2.0,0.6,-5.666,-6.589310812950364
582,4.481400000000002,380.913,0.0,0.0,-6.29,-5.581262565246863
583,4.604600000000004,266.34,3.0,0.6,-4.95,-5.160843260368967
584,7.725599999999999,474.64,1.0,0.0,-7.278,-8.60293191159247
585,1.0428000000000002,74.123,2.0,0.0,-0.09,-0.9997382652712425
586,2.04,222.23999999999995,4.0,0.375,-2.35,-2.8691467651997855
587,1.7594,90.191,2.0,0.0,-1.34,-1.6373033927741958
588,2.4076000000000004,122.258,3.0,0.0,-2.42,-2.326514957118943
589,4.828600000000005,268.356,4.0,0.6,-4.07,-5.337095759771556
590,3.581000000000002,286.331,4.0,0.5714285714285714,-4.16,-4.518237266841819
591,3.5801000000000016,310.687,2.0,0.5714285714285714,-6.02,-4.684702506069545
592,3.247300000000002,764.9499999999999,7.0,0.0,-5.292999999999999,-7.177845732183814
593,2.218100000000001,780.9490000000001,7.0,0.0,-4.081,-6.520032643211854
594,5.160800000000005,334.45600000000024,12.0,0.25,-6.144,-5.846000698362323
595,1.8139,267.835,0.0,0.0,-2.34,-2.8564494691080964
596,6.433000000000008,390.5640000000002,14.0,0.2142857142857142,-6.6370000000000005,-7.1383950900989515
597,1.8198,102.177,2.0,0.0,-1.1,-1.7612030839375925
598,2.5364000000000004,118.245,2.0,0.0,-2.24,-2.398768211440546
599,2.3950000000000005,299.6909999999999,8.0,0.0,0.523,-3.472094525954414
600,2.869900000000001,338.79500000000013,2.0,0.4782608695652174,-4.328,-4.3039885663942865
601,1.9576,211.26099999999997,1.0,0.0,-0.85,-2.5864894236616123
602,1.89922,209.293,4.0,0.4,-2.24,-2.6898635267729545
603,0.2367,76.095,2.0,0.0,0.48,-0.4148385599716016
604,1.2597999999999998,194.18599999999995,2.0,0.4285714285714285,-1.66,-2.1343789039186727
605,0.9792,62.137,0.0,0.0,-0.45,-0.8798660386702348
606,1.6274,94.204,1.0,0.0,-1.44,-1.5690776030149816
607,2.9502000000000006,322.243,5.0,0.2727272727272727,-5.47,-4.157742962052987
608,2.7221000000000024,240.21499999999995,4.0,0.3529411764705882,-3.38,-3.4843723054111098
609,-3.834600000000001,180.156,0.0,0.0,0.35,1.911864094462757
610,2.539600000000001,118.245,4.0,0.0,-2.58,-2.3947407468781576
611,6.721200000000008,390.5640000000004,16.0,0.2142857142857142,-5.115,-7.345762411355016
612,5.508800000000006,414.63000000000017,0.0,0.0,-7.32,-6.565829758064204
613,1.4502,223.22799999999995,2.0,0.375,-1.57,-2.444591916221205
614,2.9067000000000016,239.318,3.0,0.6666666666666666,-2.98,-3.7513350452893355
615,3.478900000000002,170.211,2.0,0.9230769230769232,-3.96,-3.8314048589869407
616,3.430200000000002,169.227,2.0,0.9230769230769232,-3.504,-3.7887886312490893
617,3.277400000000002,168.239,2.0,0.9230769230769232,-4.08,-3.6689312794070257
618,1.823,102.177,4.0,0.0,-1.62,-1.7571756193752037
619,3.621200000000002,296.5520000000001,4.0,0.0,-4.86,-4.373698256768851
620,3.770200000000002,274.413,9.0,0.0,-4.23,-4.3221131805681505
621,2.5801000000000007,299.28800000000007,5.0,0.3157894736842105,-3.35,-3.749962595762344
622,3.0869000000000018,233.098,1.0,0.4285714285714285,-3.8,-3.749596157853875
623,3.308900000000002,136.238,1.0,0.0,-4.26,-3.09370048814372
624,1.5170200000000005,198.134,2.0,0.4285714285714285,-1.456,-2.3512221728658207
625,1.5759,180.207,3.0,0.4615384615384615,-2.17,-2.287340455995772
626,-2.2130999999999985,254.24599999999995,3.0,0.5,-0.17,0.018218823337522227
627,8.048000000000007,282.5559999999999,17.0,0.0,-8.172,-7.523245591440052
628,4.481400000000002,380.913,0.0,0.0,-6.18,-5.581262565246863
629,3.959100000000003,290.447,0.0,0.0,-4.16,-4.596844388175153
630,4.483900000000005,306.51500000000004,0.0,0.0,-5.41,-5.0921445335027435
631,3.9444000000000026,266.34,0.0,0.5,-5.24,-4.638434236836515
632,3.7375000000000025,268.356,0.0,0.3,-5.282,-4.413640391624254
633,2.2155000000000005,288.255,1.0,0.5714285714285714,-3.62,-3.527695157659757
634,-2.3071999999999995,122.12,3.0,0.0,0.7,1.1715330618418731
635,3.609200000000002,272.388,0.0,0.3,-5.03,-4.345083901474082
636,2.4237,148.205,3.0,0.5454545454545454,-2.92,-2.7405047800882025
637,2.5800000000000005,288.387,0.0,0.2857142857142857,-4.955,-3.681225614416028
638,3.817400000000003,270.372,0.0,0.3,-3.955,-4.486209230398812
639,3.924200000000004,333.266,6.0,0.2608695652173913,-6.124,-4.94471938671292
640,1.0262,30.07,0.0,0.0,-1.36,-0.7031088944782551
641,0.9361,62.137,0.0,0.0,-0.6,-0.8478972131657598
642,-0.0014,46.069,0.0,0.0,1.1,-0.046482583251240495
643,3.612600000000002,296.41,0.0,0.2727272727272727,-4.3,-4.494592597476711
644,2.6579000000000006,225.313,4.0,0.4,-2.09,-3.358324144083782
645,5.005300000000004,384.4870000000002,12.0,0.0,-5.54,-5.9550377681297775
646,1.85272,209.293,5.0,0.4,-3.028,-2.65217228853433
647,3.8826000000000023,312.45300000000003,0.0,0.0,-5.66,-4.685325078113038
648,2.0576,286.34900000000005,4.0,0.3157894736842105,-3.42,-3.280218064357935
649,2.0576,286.34900000000005,4.0,0.3157894736842105,-3.42,-3.280218064357935
650,1.3424,258.324,3.0,0.5625,-3.81,-2.6723834050056783
651,0.5694,88.106,1.0,0.0,-0.04,-0.7440784803396046
652,1.8633,150.177,2.0,0.5454545454545454,-2.32,-2.341050142272926
653,2.1298000000000004,144.21399999999997,5.0,0.0,-1.28,-2.2589531885475274
654,2.2629,176.215,3.0,0.4615384615384615,-3.0,-2.7705688706960037
655,3.6902000000000026,200.322,9.0,0.0,-4.1,-3.7738278967554515
656,0.1793,74.07900000000001,2.0,0.0,0.15,-0.358958783235344
657,2.5199000000000007,158.241,6.0,0.0,-2.74,-2.637671865599508
658,2.1298000000000004,144.21399999999997,5.0,0.0,-2.35,-2.2589531885475274
659,3.3001000000000023,186.295,8.0,0.0,-3.8,-3.3951092197034707
660,2.910000000000001,172.26799999999997,7.0,0.0,-3.39,-3.016390542651489
661,1.7397,130.18699999999998,4.0,0.0,-1.75,-1.8802345114955465
662,0.9595,102.133,2.0,0.0,-0.66,-1.1227971573915854
663,1.4329,88.14999999999999,3.0,0.0,-0.66,-1.378456942323223
664,1.1664,72.10700000000001,2.0,0.0,-0.85,-1.0781127209319674
665,2.249000000000001,106.16799999999996,1.0,0.75,-2.77,-2.4264673038327014
666,2.976700000000002,112.216,1.0,0.0,-4.25,-2.6887681328449355
667,0.8022,28.053999999999995,0.0,0.0,-0.4,-0.5236558850495261
668,1.4455,165.19199999999998,2.0,0.5,-2.1,-2.111006097779253
669,1.5689,166.176,2.0,0.5,-2.35,-2.209030011484256
670,0.2493999999999999,26.038,0.0,0.0,0.29,-0.10032004903445552
671,6.372000000000007,376.496,9.0,0.6428571428571429,-8.6,-7.197669173142581
672,2.669100000000001,244.294,4.0,0.6111111111111112,-4.735,-3.5812268961325153
673,1.338599999999999,588.5620000000001,5.0,0.2857142857142857,-3.571,-4.725367279638904
674,2.7441000000000013,154.253,0.0,0.0,-1.64,-2.7968542748047187
675,2.1293,164.204,3.0,0.5,-1.56,-2.6084846492995326
676,4.0676000000000005,331.202,3.0,0.8181818181818182,-4.38,-5.282899389709934
677,2.840320000000001,201.225,2.0,0.7333333333333333,-3.3,-3.4821241060703128
678,2.7993200000000007,277.238,5.0,0.3529411764705882,-4.04,-3.78277337104365
679,3.2604000000000024,253.367,6.0,0.3529411764705882,-3.927,-3.9640414011943474
680,3.6038000000000014,301.34200000000004,7.0,0.5454545454545454,-4.7,-4.613617668646045
681,5.268980000000004,349.43000000000006,5.0,0.4615384615384615,-6.025,-6.136978157356401
682,3.1003000000000016,308.36100000000005,7.0,0.3333333333333333,-2.3,-4.196711779891594
683,3.6130200000000015,278.335,5.0,0.375,-4.57,-4.402897922459918
684,1.7801,164.208,1.0,0.5,-1.6,-2.355897823591097
685,0.7357999999999993,306.276,5.0,0.7272727272727273,-1.8,-2.6022192560034667
686,6.627980000000005,451.4690000000001,9.0,0.5454545454545454,-6.876,-7.841088469246733
687,-0.5088000000000001,129.09399999999997,0.0,0.6666666666666666,-0.972,-0.5001391955398342
688,1.8737,380.4560000000001,2.0,0.0,-3.43,-3.63762047609196
689,1.8437,410.4570000000002,2.0,0.0,-5.613,-3.813353045266618
690,5.340800000000003,421.7340000000001,6.0,0.4285714285714285,-6.78,-6.6502521801322025
691,2.7989000000000006,232.205,1.0,0.375,-3.43,-3.507413524241026
692,4.487200000000002,202.256,0.0,1.0,-6.0,-4.829723002344116
693,3.2578000000000014,166.22299999999998,0.0,0.9230769230769232,-5.0,-3.6474901469473893
694,1.8257,96.10399999999998,0.0,0.8571428571428571,-1.8,-2.09461487497042
695,2.923300000000001,376.4680000000001,1.0,0.0,-4.099,-4.393029304340335
696,2.7989000000000006,232.205,1.0,0.375,-3.32,-3.507413524241026
697,4.738100000000002,329.321,2.0,0.75,-4.445,-5.742168642803325
698,3.514400000000002,312.118,2.0,0.3157894736842105,-4.047,-4.537236769118845
699,2.492400000000001,301.296,4.0,0.7727272727272727,-3.37,-3.8947237472093144
700,7.395680000000005,502.9200000000002,8.0,0.5142857142857142,-8.003,-8.74006921244123
701,1.6262,221.26,3.0,0.375,-2.34,-2.5589495978869605
702,0.8516999999999999,257.273,6.0,0.0,-1.995,-2.0538464695240566
703,-3.2198,180.156,2.0,0.0,0.64,1.4622457660196508
704,1.2795999999999998,68.07499999999999,0.0,1.0,-0.82,-1.5650338821929952
705,1.0920999999999998,96.08499999999998,1.0,0.7142857142857143,-0.1,-1.4866994019257516
706,1.5528,262.261,1.0,0.0,-2.943,-2.6227973436510967
707,3.141800000000001,372.80800000000016,6.0,0.6153846153846154,-4.571000000000001,-4.7753513005230435
708,-3.2214000000000005,180.156,1.0,0.0,0.74,1.4602320337384567
709,1.771,217.268,2.0,0.375,-2.337,-2.6432092142948576
710,-1.6681,92.094,2.0,0.0,1.12,0.8924386499218938
711,0.0442999999999997,218.205,5.0,0.0,-0.6,-1.2003490413431985
712,2.8103000000000007,352.7700000000001,3.0,0.25,-3.2460000000000004,-4.252213609521796
713,1.4008,124.13899999999995,1.0,0.6666666666666666,-1.96,-1.8806585490813297
714,-0.7716000000000003,151.129,0.0,0.8181818181818182,-3.583,-0.5147415678615499
715,2.5085,197.381,0.0,0.0,-1.71,-2.9067145003136803
716,1.3295999999999997,300.266,0.0,0.2727272727272727,-2.7,-2.8266558816879113
717,5.2415,373.3209999999999,0.0,0.0,-6.317,-6.094954521854422
718,2.976700000000002,100.205,4.0,0.0,-4.53,-2.5999027897642994
719,4.7574,260.762,1.0,0.0,-4.92,-4.98987251619644
720,3.7268,236.74,0.0,0.0,-3.67,-4.070112185254999
721,10.388599999999991,366.7180000000002,23.0,0.0,-8.334,-9.795557653751926
722,6.487600000000007,226.44799999999992,13.0,0.0,-8.4,-6.0083708832321285
723,3.5371200000000025,162.27599999999998,0.0,0.5,-5.23,-3.6495936929185655
724,2.5866000000000007,86.178,3.0,0.0,-3.84,-2.2211841127123177
725,4.785200000000005,270.372,5.0,0.6,-4.43,-5.3150080285500945
726,3.809400000000003,162.276,5.0,0.5,-5.21,-3.835551045534
727,-1.1742,100.077,0.0,0.0,-0.4,0.46701221492344946
728,3.1256000000000013,184.242,3.0,0.8571428571428571,-2.92,-3.630842409123701
729,2.4536000000000007,214.264,3.0,0.75,-1.93,-3.2851800071300357
730,-0.3512999999999994,297.745,1.0,0.3529411764705882,-2.63,-1.593978046915518
731,1.7815999999999996,362.4660000000002,2.0,0.0,-3.09,-3.4505857432583507
732,2.3524000000000003,404.5030000000002,3.0,0.0,-4.88,-4.148181640346715
733,3.995,354.8749999999999,0.0,0.0,-5.46,-5.048650379642604
734,3.8384000000000023,330.4680000000001,1.0,0.0,-3.817,-4.7682256534834675
735,-0.3538,136.114,0.0,0.9,-2.296,-0.7601733893016414
736,2.1753,118.17899999999996,0.0,0.6666666666666666,-3.04,-2.4190020214822874
737,2.0834,365.842,3.0,0.5,-3.5860000000000003,-3.9051022485744595
738,1.5629,118.13899999999998,0.0,1.0,-2.16,-2.105553490876322
739,2.1678999999999995,117.15099999999995,0.0,1.0,-1.52,-2.5477837484841652
740,1.6545999999999998,119.167,0.0,0.6666666666666666,-1.04,-2.03930011631127
741,-1.8566000000000005,268.22900000000004,2.0,0.4736842105263157,-1.23,-0.33055228210113907
742,2.2912,204.01,0.0,0.8571428571428571,-3.01,-3.15199368335529
743,1.4413,155.966,0.0,0.0,-1.6,-1.8418250427875091
744,4.494100000000002,413.0,4.0,0.375,-6.62,-5.948317749070922
745,1.0512,141.939,0.0,0.0,-1.0,-1.4599058557093885
746,2.4730799999999995,370.915,0.0,0.5454545454545454,-3.61,-4.256456308316141
747,2.1915,243.742,5.0,0.375,-3.785,-3.1202167424822105
748,3.1887000000000016,313.747,7.0,0.2777777777777778,-3.658,-4.274315806346127
749,1.2055,116.15999999999998,2.0,0.0,-1.21,-1.3978321738155337
750,0.8154,102.13299999999998,3.0,0.0,-1.01,-1.0127124767112727
751,2.8851000000000013,134.22199999999998,2.0,0.6,-4.12,-3.0167464174046557
752,0.3772000000000002,185.227,2.0,0.0,-2.15,-1.2392438419982765
753,1.41762,231.255,4.0,0.6470588235294118,-2.461,-2.5821229255025497
754,3.8896000000000033,345.4010000000002,8.0,0.2727272727272727,-4.194,-4.997754173564678
755,-0.3593,151.129,0.0,0.8181818181818182,-3.401,-0.8205593580122457
756,-0.3149000000000001,137.14200000000002,1.0,0.6,0.009,-0.6656613013281247
757,1.5956,130.18699999999998,3.0,0.0,-1.92,-1.776550850867514
758,1.2055,116.15999999999998,4.0,0.0,-1.52,-1.3914311537632535
759,2.3218000000000005,138.20999999999998,0.0,0.0,-1.06,-2.3777470604732347
760,2.528200000000001,193.246,2.0,0.4285714285714285,-2.863,-3.0689936489088274
761,4.252800000000004,309.36600000000004,8.0,0.2727272727272727,-6.49,-5.029348084123862
762,0.9579,102.133,1.0,0.0,-0.55,-1.1248108896727795
763,0.5678,88.106,2.0,0.0,-0.63,-0.7396911925685188
764,2.8100000000000014,120.19499999999996,1.0,0.6666666666666666,-3.27,-2.8998855332906266
765,2.903500000000001,206.289,2.0,0.4,-3.536,-3.4213510655479484
766,2.2348,129.16199999999998,0.0,1.0,-1.45,-2.676669705946924
767,2.6670000000000007,279.34,2.0,0.3,-2.93,-3.685697250928295
768,2.966800000000001,322.36400000000003,5.0,0.5,-3.27,-4.267027898550831
769,4.6182,490.6390000000001,0.0,0.0,-5.259,-6.406843389180304
770,2.8648200000000017,260.24499999999995,2.0,0.6842105263157895,-3.0210000000000004,-3.86899846555773
771,-5.397199999999993,342.297,4.0,0.0,-0.244,2.0136909687081452
772,-2.5823000000000005,150.13,0.0,0.0,0.39,1.1811376218184768
773,1.5305,234.29899999999995,1.0,0.3529411764705882,-4.593999999999999,-2.571079837963771
774,2.6698000000000013,154.253,4.0,0.0,-1.99,-2.728941243169243
775,3.644400000000001,290.832,0.0,0.0,-4.64,-4.365960758808152
776,3.0185000000000013,249.097,2.0,0.4,-3.592,-3.789152198523482
777,3.101300000000001,321.163,1.0,0.5714285714285714,-3.604,-4.401893711896973
778,4.195500000000004,404.54700000000025,6.0,0.0,-6.005,-5.505964266647203
779,2.1218000000000004,330.3640000000001,9.0,0.0,-3.37,-3.468671076249962
780,0.5027,160.16899999999998,4.0,0.0,-0.82,-1.1605662332267945
781,-5.397199999999993,342.297,4.0,0.0,0.358,2.0136909687081452
782,-3.5854000000000004,182.172,5.0,0.0,0.06,1.7297218856818333
783,1.9222,127.574,0.0,0.75,-1.37,-2.3285323992693034
784,3.102500000000001,191.455,0.0,0.75,-3.21,-3.625571372982994
785,2.9446000000000003,238.455,0.0,0.75,-3.55,-3.8186168600562147
786,2.2482000000000006,157.55599999999998,1.0,0.6,-2.77,-2.7015225406642696
787,2.972200000000001,295.298,3.0,0.6818181818181818,-3.88,-4.175757379147049
788,2.632000000000001,329.3800000000001,8.0,0.0,-2.518,-3.8438116595695972
789,0.8497999999999999,196.202,2.0,0.0,-1.899,-1.6622152893298812
790,5.279700000000005,340.5070000000001,1.0,0.0,-5.27,-5.9035399365287695
791,3.3381000000000016,298.367,4.0,0.7142857142857143,-4.873,-4.477950346010914
792,2.52334,310.297,3.0,0.3,-3.24,-3.780232486630515
793,4.575300000000004,384.5160000000002,2.0,0.0,-5.35,-5.668287728221225
794,2.0119,172.18299999999996,0.0,0.4615384615384615,-3.03,-2.567386391763405
795,2.439500000000001,156.269,1.0,0.0,-2.53,-2.5810250767208713
796,2.6477000000000013,154.253,1.0,0.0,-2.35,-2.7221504056456003
797,0.9834000000000004,218.253,6.0,0.0,-1.807,-1.8940296588753252
798,2.585,167.25799999999998,0.0,0.9,-3.18,-3.145515028028021
799,1.84434,279.336,5.0,0.3,-1.601,-3.0658727114905475
800,0.6361,16.043,0.0,0.0,-0.9,-0.3211897074001344
801,-0.3915,32.042,0.0,0.0,1.57,0.3354366038268801
802,3.002540000000001,250.301,1.0,0.8421052631578947,-2.925,-3.9755430920709887
803,0.5009999999999999,198.222,2.0,0.0,-2.23,-1.4168282631417322
804,1.4359999999999995,261.064,1.0,0.6875,-2.82,-2.8191884018635833
805,0.5302000000000002,241.24299999999997,6.0,0.3529411764705882,-0.985,-1.858943996328858
806,5.062000000000006,310.47800000000007,10.0,0.0,-5.19,-5.515089967963663
807,1.8622,271.39,8.0,0.3333333333333333,-2.928,-3.0311862633192983
808,2.5478000000000005,216.19199999999995,1.0,0.8125,-3.664,-3.40062369805795
809,5.205900000000002,345.6529999999999,4.0,0.5714285714285714,-6.89,-6.114966041701871
810,0.1792999999999999,74.07900000000001,0.0,0.0,0.46,-0.3653598032876241
811,0.3453999999999999,86.09,1.0,0.0,-0.22,-0.5646254709108757
812,1.4732,136.14999999999998,1.0,0.6,-1.85,-1.9854131306405725
813,1.4329,88.14999999999999,3.0,0.0,-0.99,-1.378456942323223
814,1.3496,116.15999999999998,3.0,0.0,-0.82,-1.5015158344435657
815,3.3001000000000023,186.295,8.0,0.0,-4.69,-3.3951092197034707
816,-0.2108000000000001,60.05200000000001,1.0,0.0,0.58,0.019759893816636676
817,0.5899999999999996,184.147,1.0,0.4615384615384615,-1.24,-1.5884649819122703
818,1.7397,130.18699999999998,4.0,0.0,-1.87,-1.8802345114955465
819,-0.9205,46.073,0.0,0.0,1.34,0.6352206605373227
820,4.080300000000003,214.349,10.0,0.0,-4.69,-4.152546573807433
821,0.8681999999999999,137.138,1.0,0.6,-0.46,-1.5431828730327286
822,2.910000000000001,172.268,7.0,0.0,-3.38,-3.016390542651489
823,2.5199000000000007,158.241,6.0,0.0,-3.17,-2.637671865599508
824,1.3496,116.15999999999998,3.0,0.0,-1.36,-1.5015158344435657
825,0.5694,88.106,1.0,0.0,-0.14,-0.7440784803396046
826,1.0428,74.12299999999999,2.0,0.0,-0.39,-0.9997382652712423
827,1.4313,88.14999999999999,0.0,0.0,-0.24,-1.3868716946566975
828,2.5866000000000007,98.189,0.0,0.0,-3.85,-2.3100494557929543
829,2.1965000000000003,84.162,0.0,0.0,-3.3,-1.9281302687148334
830,3.767700000000003,268.36,3.0,0.6,-3.35,-4.553414848363319
831,1.1788,152.149,1.0,0.5454545454545454,-1.827,-1.8495460556152987
832,4.840100000000005,344.4950000000001,1.0,0.0,-5.284,-5.603790633567085
833,0.74091,142.18300000000002,0.0,0.6666666666666666,-2.436,-1.5134720296722297
834,3.1641200000000014,283.7989999999999,6.0,0.3157894736842105,-2.73,-4.077734728793441
835,2.7141199999999994,365.8420000000001,2.0,0.5,-3.78,-4.376130545658196
836,1.4048,151.165,1.0,0.5454545454545454,-1.803,-2.010684731962813
837,2.4421,228.679,2.0,0.4,-2.564,-3.226871653290919
838,0.0920199999999999,171.15599999999998,3.0,0.4166666666666667,-1.26,-1.1079750052193567
839,0.3714999999999997,214.294,1.0,0.4285714285714285,-2.253,-1.6113933340781963
840,0.0920199999999999,171.15599999999998,3.0,0.4166666666666667,-1.22,-1.1079750052193567
841,2.5882000000000005,175.0,0.0,0.75,-2.67,-3.135505539727763
842,-0.1303000000000003,209.253,1.0,0.4,-1.989,-1.193832855538167
843,6.222999999999999,545.5460000000002,0.0,0.0,-6.8,-7.95952749854165
844,1.5772199999999998,107.156,0.0,0.75,-0.85,-1.9379044201213258
845,1.177,138.126,1.0,0.6,-2.19,-1.7787510550069983
846,1.3003999999999998,139.11,1.0,0.6,-1.01,-1.876774968712002
847,1.90322,137.138,1.0,0.6,-2.44,-2.310894561516291
848,2.365100000000001,214.652,2.0,0.4285714285714285,-2.57,-3.089280432349047
849,-2.884799999999998,446.405,6.0,0.1935483870967742,-0.742,-0.6123850857401587
850,2.4335000000000004,198.653,1.0,0.4615384615384615,-2.89,-3.051584452629006
851,1.9879999999999995,302.23800000000006,1.0,0.7272727272727273,-3.083,-3.517175382862971
852,2.30344,106.168,0.0,0.75,-2.82,-2.470047926630619
853,2.532800000000001,149.237,3.0,0.5454545454545454,-3.03,-2.8282386325819524
854,0.0944999999999998,87.12199999999999,0.0,0.0,1.11,-0.3885348408179822
855,1.7526,121.18299999999996,1.0,0.6666666666666666,-1.92,-2.1220938682993844
856,3.651200000000001,380.784,5.0,0.0,-2.28,-4.948619407081177
857,3.475500000000002,271.36,5.0,0.5,-3.57,-4.307759961300075
858,5.146200000000003,228.294,0.0,1.0,-8.6,-5.49035883718439
859,2.839800000000001,128.17399999999995,0.0,1.0,-3.6,-3.1188999635547687
860,4.257200000000004,275.179,4.0,0.3529411764705882,-4.77,-4.853748199142267
861,2.6714000000000016,154.253,4.0,0.0,-2.46,-2.7301280209141887
862,2.1184,121.18299999999996,2.0,0.6666666666666666,-1.7,-2.3902204202114556
863,2.6512200000000004,266.30400000000003,1.0,0.6,-3.19,-3.7181142621193235
864,3.8595000000000006,327.1230000000001,3.0,0.5714285714285714,-4.7,-4.997208635518799
865,0.1805000000000001,122.12699999999997,1.0,0.6666666666666666,0.61,-0.962240269670408
866,2.1756,346.33900000000017,4.0,0.24,-4.76,-3.7315616689230855
867,0.9959,156.09699999999998,2.0,0.4545454545454545,-2.19,-1.6982664839793218
868,2.4086000000000007,295.29800000000006,2.0,0.5454545454545454,-3.796,-3.703211264966997
869,0.5808999999999999,214.206,2.0,0.3571428571428571,-3.22,-1.7327056353703298
870,2.9502000000000006,322.243,5.0,0.2727272727272727,-3.5610000000000004,-4.157742962052987
871,3.5617,230.909,0.0,0.5454545454545454,-3.76,-4.139987876733009
872,2.3843,281.271,2.0,0.5714285714285714,-3.796,-3.6036104090745282
873,1.5948,123.11099999999996,1.0,0.6666666666666666,-1.8,-2.017771302719415
874,0.2829999999999999,75.067,1.0,0.0,-0.22,-0.44559740305552653
875,4.693900000000003,284.098,3.0,0.6666666666666666,-5.46,-5.372481026277061
876,0.0734999999999999,238.159,3.0,0.2941176470588235,-3.38,-1.4845505179053895
877,-1.0200999999999996,227.085,8.0,0.0,-2.22,-0.4598451200163457
878,-0.1071,61.040000000000006,0.0,0.0,0.26,-0.06687872600354605
879,1.7283,107.15599999999998,1.0,0.75,-1.28,-2.0467653986616834
880,3.7569000000000026,128.259,6.0,0.0,-5.88,-3.3573401438682606
881,4.289400000000002,511.5810000000002,5.0,0.6153846153846154,-3.931,-6.545568424671021
882,2.0823,222.33199999999997,1.0,0.0,-3.1710000000000003,-2.7520444148449834
883,4.063300000000004,340.4630000000001,1.0,0.0,-4.8,-5.001001788123284
884,2.607400000000001,314.42500000000007,0.0,0.0,-4.57,-3.752476972717129
885,2.946400000000001,303.67100000000005,2.0,0.6,-4.046,-4.180454274393849
886,5.929000000000003,320.04600000000005,3.0,0.6666666666666666,-6.51,-6.525829772956966
887,0.9744,109.128,0.0,0.75,-0.72,-1.5037848273170364
888,1.9222,127.574,0.0,0.75,-1.52,-2.3285323992693034
889,3.1025,191.455,0.0,0.75,-3.19,-3.6255713729829933
890,2.9446000000000003,238.455,0.0,0.75,-3.54,-3.8186168600562147
891,2.2482,157.55599999999998,1.0,0.6,-2.55,-2.701522540664269
892,3.3668000000000022,114.232,5.0,0.0,-5.24,-2.9786214668162803
893,0.1016000000000001,89.09400000000001,1.0,0.0,0.85,-0.40361441436085466
894,2.5882000000000005,175.0,0.0,0.75,-2.7,-3.135505539727763
895,0.4911,137.13799999999998,1.0,0.6,-1.82,-1.2634741932708384
896,1.4008,124.13899999999995,1.0,0.6666666666666666,-1.96,-1.8806585490813297
897,1.177,138.126,1.0,0.6,-1.96,-1.7787510550069983
898,1.6033999999999995,153.13699999999997,2.0,0.5454545454545454,-1.96,-2.167806766853873
899,1.3004000000000002,139.11,1.0,0.6,-1.74,-1.876774968712002
900,1.90322,137.138,1.0,0.6,-2.33,-2.310894561516291
901,1.7768000000000002,346.3650000000001,8.0,0.2608695652173913,-5.16,-3.4319581027694332
902,3.3103000000000025,244.28999999999996,3.0,0.5555555555555556,-4.314,-4.036493086703823
903,1.57722,107.156,0.0,0.75,-2.21,-1.9379044201213262
904,4.217000000000003,345.22600000000017,3.0,0.5,-5.696000000000001,-5.351619853696366
905,0.1070999999999999,219.266,1.0,0.0,0.106,-1.2667339317313453
906,2.4479,286.718,1.0,0.6,-3.952,-3.702021945722538
907,1.3016,267.306,2.0,0.3333333333333333,-2.281,-2.6076206588602453
908,2.30344,106.168,0.0,0.75,-2.8,-2.470047926630619
909,3.493400000000002,324.38000000000005,5.0,0.5,-3.73,-4.670930248992416
910,2.518,184.242,1.0,0.8571428571428571,-2.7,-3.18656458053285
911,5.929000000000003,320.04600000000005,3.0,0.6666666666666666,-7.2,-6.525829772956966
912,6.187900000000003,318.0300000000001,2.0,0.6666666666666666,-6.9,-6.7077616317008015
913,0.9744,109.128,0.0,0.75,-0.8,-1.5037848273170364
914,-1.6476000000000002,114.06,0.0,0.0,-0.4,0.7258725098812274
915,3.2711000000000023,291.26500000000004,7.0,0.3333333333333333,-4.66,-4.210579211242569
916,2.518,184.242,1.0,0.8571428571428571,-2.7,-3.18656458053285
917,2.4075,214.062,1.0,0.5454545454545454,-3.083,-3.169497695861464
918,3.053700000000001,282.90599999999995,0.0,0.75,-4.56,-4.192884348112635
919,2.2984,169.611,1.0,0.5454545454545454,-2.843,-2.795230207805045
920,1.9222,127.574,0.0,0.75,-1.66,-2.3285323992693034
921,3.102500000000001,191.455,0.0,0.75,-3.63,-3.625571372982994
922,2.944600000000001,238.455,0.0,0.75,-4.03,-3.8186168600562156
923,2.2482000000000006,157.55599999999998,1.0,0.6,-2.92,-2.7015225406642696
924,1.7006199999999998,108.14,0.0,0.75,-0.73,-2.035928333826329
925,3.3716000000000026,203.351,6.0,0.0,-3.53,-3.5671014924181583
926,5.316700000000004,328.843,4.0,0.5217391304347826,-5.915,-6.065189922434106
927,4.9536,250.339,0.0,0.5454545454545454,-5.65,-5.300634126642834
928,3.1603000000000003,202.295,0.0,0.0,-2.6,-3.4226068891807415
929,4.6592,266.338,0.0,0.5,-4.28,-5.168613995854164
930,3.2287000000000017,148.249,0.0,0.5454545454545454,-4.0,-3.3474942309029454
931,2.1965000000000003,72.151,2.0,0.0,-3.18,-1.842465435660337
932,1.1849999999999992,226.27599999999995,4.0,0.0,-2.39,-2.102910605330832
933,1.7397,130.18699999999998,4.0,0.0,-1.89,-1.8802345114955465
934,1.7397,130.18699999999998,4.0,0.0,-2.25,-1.8802345114955465
935,3.4193000000000024,148.249,4.0,0.5454545454545454,-4.64,-3.4760670896650425
936,3.7569000000000026,140.26999999999998,4.0,0.0,-6.08,-3.4430049769227566
937,3.0893200000000016,379.381,4.0,0.5,-3.8,-4.73737640194488
938,6.113300000000004,391.2940000000001,6.0,0.4615384615384615,-6.291,-7.036312036506434
939,5.737200000000003,252.316,0.0,1.0,-8.804,-6.08725249272814
940,1.7840999999999998,153.156,1.0,0.5454545454545454,-1.78,-2.305164374549814
941,2.0437,179.219,3.0,0.4615384615384615,-2.35,-2.627804521974522
942,3.993000000000002,178.23399999999998,0.0,1.0,-5.26,-4.3046294003695795
943,3.388000000000001,179.22199999999998,0.0,1.0,-2.78,-3.8623991427617343
944,2.0853,122.16699999999996,2.0,0.6666666666666666,-2.33,-2.3721626357389574
945,3.784220000000002,300.314,3.0,0.5454545454545454,-4.805,-4.753459686278465
946,0.7003999999999997,232.239,2.0,0.3529411764705882,-2.322,-1.9385697061911435
947,1.3922,94.113,0.0,0.8571428571428571,0.0,-1.7599331362733834
948,3.560100000000002,318.32800000000003,2.0,0.75,-2.9,-4.795857770337209
949,5.760500000000005,350.4580000000001,6.0,0.4615384615384615,-5.24,-6.505139818514161
950,3.7878000000000025,308.38100000000003,5.0,0.5217391304347826,-3.81,-4.792914873076899
951,0.9722000000000002,108.14399999999998,1.0,0.75,0.07,-1.49245881776553
952,1.1789,108.13999999999996,1.0,0.75,-0.4,-1.6457492706170194
953,1.3421,152.22199999999998,1.0,0.6,-1.77,-1.994234971223165
954,1.7695999999999998,252.273,2.0,0.631578947368421,-4.097,-2.9817531141475278
955,3.727700000000003,260.386,8.0,0.0,-4.11,-4.2012219686056245
956,4.236100000000003,367.8160000000001,7.0,0.4285714285714285,-5.233,-5.471836456117478
957,3.2283800000000014,298.304,7.0,0.3157894736842105,-4.862,-4.217920568392373
958,0.0011999999999999,149.149,0.0,0.0,-2.932,-0.7286636859027322
959,0.5702,147.13299999999998,0.0,0.5454545454545454,-2.61,-1.3682240505089898
960,1.42996,128.13399999999996,0.0,0.6,-2.38,-1.9036412364484305
961,1.3505999999999998,151.165,1.0,0.5454545454545454,-1.03,-1.9704826358527767
962,1.2047,122.12299999999998,1.0,0.6666666666666666,-0.96,-1.721899976580092
963,6.299400000000004,278.354,0.0,1.0,-7.87,-6.6760882739992
964,2.997200000000001,285.343,3.0,0.2857142857142857,-3.46,-3.960988208259288
965,1.2278,150.13299999999998,1.0,0.5454545454545454,-1.63,-1.8725869989179298
966,4.198300000000004,353.4900000000001,9.0,0.0,-4.15,-5.161500749861705
967,1.2198399999999998,238.291,2.0,0.3529411764705882,-1.95,-2.3637958735704405
968,1.5810000000000002,331.353,2.0,0.5217391304347826,-4.16,-3.3172515926015524
969,1.5076999999999998,136.14999999999998,2.0,0.6,-1.49,-2.007802515739824
970,1.5772199999999998,107.156,0.0,0.75,-1.21,-1.9379044201213258
971,1.177,138.126,1.0,0.6,-2.37,-1.7787510550069983
972,1.6033999999999995,153.13699999999997,2.0,0.5454545454545454,-2.41,-2.167806766853873
973,1.3003999999999998,139.11,1.0,0.6,-0.74,-1.876774968712002
974,1.90322,137.138,1.0,0.6,-2.49,-2.310894561516291
975,3.059200000000001,170.211,1.0,0.9230769230769232,-3.48,-3.52329873179201
976,3.879200000000002,288.43100000000004,0.0,0.0,-4.12,-4.524275549400597
977,1.5576,360.4500000000002,2.0,0.0,-3.18,-3.271132733829622
978,2.1284,402.48700000000014,3.0,0.0,-4.37,-3.9687286309179863
979,4.515300000000004,316.48500000000007,1.0,0.0,-4.65,-5.178029242876528
980,0.5378999999999994,218.256,2.0,0.375,-2.64,-1.7350945181867659
981,0.4047999999999999,198.222,2.0,0.0,-2.21,-1.345473251226872
982,3.2829000000000024,284.142,1.0,0.3333333333333333,-4.8,-4.191528168307032
983,4.723500000000005,314.46900000000005,1.0,0.0,-4.42,-5.319154571801256
984,1.5208,225.296,5.0,0.375,-2.478,-2.501004241232727
985,2.2341,241.364,5.0,0.375,-4.1,-3.1361216396367304
986,2.666800000000001,211.69200000000004,3.0,0.4285714285714285,-2.48,-3.2903278663286666
987,1.4163,44.097,0.0,0.0,-1.94,-1.0850280815563755
988,3.3419000000000016,218.083,2.0,0.4615384615384615,-3.0,-3.850400792711912
989,2.1655999999999995,229.71500000000003,4.0,0.4,-4.43,-3.022217446274158
990,2.3388,281.314,7.0,0.0,-3.408,-3.312334711920314
991,3.653400000000003,342.2260000000001,5.0,0.5,-3.4930000000000003,-4.907378567724566
992,0.5952999999999999,58.08,1.0,0.0,0.58,-0.5651398114830042
993,0.91998,55.07999999999999,0.0,0.0,0.28,-0.7893693901398537
994,2.192,209.245,3.0,0.4,-2.05,-2.9099127645181477
995,0.9595,102.13299999999998,2.0,0.0,-0.72,-1.1227971573915851
996,0.9595,102.13299999999998,2.0,0.0,-1.92,-1.1227971573915851
997,0.5694,88.10599999999998,3.0,0.0,-0.49,-0.7376774602873244
998,1.3496,116.15999999999998,3.0,0.0,-1.34,-1.5015158344435657
999,2.639100000000001,120.19499999999996,2.0,0.6666666666666666,-3.37,-2.7699223253824736
1000,2.976700000000002,112.216,2.0,0.0,-4.74,-2.6855676228187955
1001,1.1923,42.081,0.0,0.0,-1.08,-0.9055750721276468
1002,1.8214,102.17699999999998,3.0,0.0,-1.34,-1.759189351656398
1003,0.6395,40.065000000000005,0.0,0.0,-0.41,-0.48223923611257624
1004,2.689700000000001,150.22099999999998,0.0,0.5454545454545454,-2.41,-2.9607122354001767
1005,0.4197999999999998,132.12599999999998,0.0,1.0,0.02,-1.3499789331233918
1006,5.020600000000004,230.31,2.0,1.0,-7.11,-5.404099889290203
1007,0.6424200000000001,171.22099999999998,1.0,0.5454545454545454,-1.74,-1.5775548986655414
1008,2.30344,106.168,0.0,0.75,-2.77,-2.470047926630619
1009,2.709500000000001,217.26800000000003,2.0,0.375,-2.56,-3.3393285353145714
1010,-0.4245000000000001,123.11499999999998,1.0,0.6666666666666666,-0.667,-0.5200100120625639
1011,1.4681,221.647,1.0,0.8,-2.878,-2.630480701956906
1012,4.584000000000002,202.256,0.0,1.0,-6.176,-4.90152305591333
1013,0.4765999999999999,80.08999999999999,0.0,1.0,1.1,-1.0487100115242705
1014,1.0816,79.10199999999998,0.0,1.0,0.76,-1.4909402691321145
1015,0.4765999999999999,80.08999999999999,0.0,1.0,1.1,-1.0487100115242705
1016,2.2411200000000004,245.282,2.0,0.6111111111111112,-2.09,-3.2766997813333805
1017,0.8788,289.7440000000001,2.0,0.3333333333333333,-3.29,-2.4420890245842313
1018,2.2348,129.16199999999998,0.0,1.0,-1.3,-2.676669705946924
1019,2.8260000000000005,332.57000000000005,3.0,0.3,-5.03,-4.151711837345262
1020,4.8618,295.336,1.0,0.4285714285714285,-5.82,-5.476828813017637
1021,-7.571399999999989,504.4380000000001,8.0,0.0,-0.41,2.5691636359590317
1022,1.4952,262.309,2.0,0.0,-2.696,-2.5771895996911094
1023,2.2246,254.293,1.0,0.631578947368421,-2.62,-3.335774067602616
1024,0.1342999999999999,133.197,0.0,0.0,-1.77,-0.722117229711818
1025,-1.7235599999999989,376.36900000000014,5.0,0.5185185185185185,-3.685,-1.152248467640757
1026,1.8356,179.21899999999997,3.0,0.4615384615384615,-2.452,-2.473449241522522
1027,4.542900000000002,321.549,4.0,0.375,-5.72,-5.381004773941282
1028,3.703300000000002,394.4230000000002,3.0,0.4137931034482758,-4.42,-5.258774588834807
1029,2.880000000000001,330.17100000000005,2.0,0.2857142857142857,-4.376,-4.17308925323573
1030,2.4639000000000006,226.235,0.0,0.7058823529411765,-3.672,-3.3627522671175236
1031,2.9595200000000013,254.289,0.0,0.631578947368421,-3.928,-3.8840648682522576
1032,2.878000000000001,288.73800000000006,1.0,0.6,-4.114,-4.03437316049577
1033,3.5275200000000018,322.29,1.0,0.5217391304347826,-4.207,-4.70444706798731
1034,2.817140000000001,268.32,1.0,0.6,-4.553999999999999,-3.8544872394065233
1035,2.759900000000001,270.361,1.0,0.631578947368421,-4.634,-3.83886244188141
1036,3.3649000000000022,269.373,1.0,0.631578947368421,-4.706,-4.281092699489255
1037,3.4346000000000023,252.31699999999995,1.0,0.631578947368421,-4.749,-4.220234582818305
1038,2.614700000000001,268.32,2.0,0.6,-2.86,-3.7011296752011287
1039,3.2071000000000023,255.292,2.0,0.631578947368421,-4.799,-4.067921935734576
1040,3.179720000000001,296.374,2.0,0.5454545454545454,-4.871,-4.282279611964357
1041,3.122320000000001,283.331,2.0,0.5714285714285714,-5.153,-4.164620971599392
1042,3.458700000000001,273.723,1.0,0.631578947368421,-5.36,-4.379374362417172
1043,2.35452,255.277,0.0,0.631578947368421,-3.043,-3.441834610644413
1044,2.829600000000001,253.30499999999995,1.0,0.631578947368421,-3.324,-3.77800432521046
1045,1.6287999999999996,313.36100000000005,4.0,0.5217391304347826,-3.36,-3.2275715202525106
1046,3.2071000000000023,255.292,2.0,0.631578947368421,-3.535,-4.067921935734576
1047,3.4590000000000023,239.274,1.0,0.6666666666666666,-3.68,-4.167106540364546
1048,-1.6424000000000003,286.28,4.0,0.3,-0.85,-0.5286576449232301
1049,0.4911,137.13799999999998,1.0,0.6,-1.836,-1.2634741932708384
1050,2.6445,213.236,2.0,0.75,-3.59,-3.4231938889134272
1051,2.419600000000001,246.30599999999995,0.0,0.0,-3.09,-3.1636433693477235
1052,1.3510999999999993,238.28699999999995,5.0,0.0,-2.356,-2.302176272954084
1053,3.386800000000001,232.32700000000003,2.0,0.3529411764705882,-4.11,-3.931750275576008
1054,1.3885999999999998,201.661,4.0,0.4615384615384615,-4.55,-2.2867934809017467
1055,0.7254999999999998,213.31,3.0,0.4285714285714285,-2.676,-1.8610732099690863
1056,-3.5854000000000004,182.172,5.0,0.0,1.09,1.7297218856818333
1057,-1.068879999999999,361.4450000000001,8.0,0.2608695652173913,-1.981,-1.4207315122819044
1058,4.852300000000005,416.58300000000025,1.0,0.0,-4.173,-6.088567875790851
1059,3.8884000000000034,293.40700000000004,9.0,0.2857142857142857,-3.84,-4.6560368525825275
1060,3.9591000000000034,290.44699999999995,0.0,0.0,-4.743,-4.596844388175153
1061,5.6015000000000015,365.96400000000006,5.0,0.3157894736842105,-4.522,-6.431056841099373
1062,2.3296,104.15199999999996,1.0,0.75,-2.82,-2.47294710759801
1063,1.7579,120.15099999999995,1.0,0.6666666666666666,-1.6,-2.1192146245692527
1064,-0.577,99.089,0.0,0.0,0.3,0.03056749882221571
1065,-5.395599999999993,342.297,5.0,0.0,0.79,2.01570470098934
1066,-0.5594299999999999,214.25,2.0,0.4285714285714285,-1.99,-0.9173980774276025
1067,3.0988000000000016,223.794,4.0,0.0,-3.39,-3.5060657512835887
1068,-0.0837999999999999,172.20899999999995,1.0,0.5454545454545454,-1.34,-1.0454113921562485
1069,0.961,224.26,4.0,0.0,-2.016,-1.923457595902104
1070,2.984100000000001,134.22199999999998,0.0,0.6,-3.66,-3.096579310425451
1071,0.7614000000000001,70.09100000000001,1.0,0.0,0.32,-0.7676059891323961
1072,4.511700000000001,381.1120000000001,2.0,0.5,-7.28,-5.810231336168481
1073,1.2534200000000002,216.668,0.0,0.4285714285714285,-2.484,-2.284412400349384
1074,4.506300000000004,288.44,7.0,0.0,-4.755,-4.967074075043062
1075,1.5223999999999998,225.296,4.0,0.375,-3.239,-2.5053915290038127
1076,2.2357,241.364,4.0,0.375,-4.0,-3.140508927407816
1077,3.879200000000003,288.431,0.0,0.0,-4.02,-4.524275549400597
1078,4.450000000000004,330.4680000000001,1.0,0.0,-5.184,-5.221871446488963
1079,4.840100000000005,344.4950000000001,2.0,0.0,-5.37,-5.600590123540945
1080,3.1773,331.62699999999995,0.0,0.0,-3.14,-4.288712986119558
1081,3.0682,165.834,0.0,0.0,-2.54,-3.1136770693465547
1082,4.014400000000001,261.919,1.0,0.4615384615384615,-4.02,-4.641704354154685
1083,2.5529,153.823,0.0,0.0,-2.31,-2.6521966488627635
1084,5.707400000000006,198.39399999999995,11.0,0.0,-7.96,-5.250933529128165
1085,5.551820000000002,418.7360000000001,4.0,0.2222222222222222,-7.321000000000001,-6.706070215385223
1086,0.7968,72.107,0.0,0.0,0.49,-0.8103680819017902
1087,1.1869,86.134,0.0,0.0,-0.03,-1.1922872689799109
1088,0.2296,116.164,0.0,0.0,0.94,-0.6803993401336781
1089,0.0877999999999994,258.233,1.0,0.3157894736842105,-2.676,-1.6432028122708944
1090,-1.0397,180.167,0.0,0.6923076923076923,-2.523,-0.4542462966396441
1091,-1.039700000000001,180.167,0.0,0.6923076923076923,-1.39,-0.45424629663964355
1092,0.4043000000000002,356.2270000000001,6.0,0.2857142857142857,-2.154,-2.495921711627211
1093,1.5159999999999998,254.355,5.0,0.0,-3.46,-2.5305255992779485
1094,2.408500000000001,124.208,1.0,0.75,-2.39,-2.6638250125931893
1095,2.1075,218.322,3.0,0.0,-1.62,-2.7378720779081944
1096,2.990000000000001,246.359,7.0,0.0,-3.091,-3.564675826464189
1097,1.3499,242.344,4.0,0.0,-3.36,-2.331259931654697
1098,1.7480999999999998,84.14299999999999,0.0,1.0,-1.33,-2.0185742856203057
1099,1.9753,110.18099999999995,0.0,0.8571428571428571,-2.12,-2.2984764956824297
1100,0.0586,128.15599999999998,0.0,0.75,-2.273,-0.9500737950647027
1101,-0.8113000000000001,76.12400000000001,0.0,0.0,0.32,0.3559084641313497
1102,2.0608,240.444,0.0,0.0,-3.9,-2.858823548560926
1103,-0.6283800000000002,126.115,0.0,0.6666666666666666,-1.506,-0.3917831732013948
1104,2.824020000000002,150.22099999999998,1.0,0.5454545454545454,-2.22,-3.0571417170622293
1105,1.99502,92.141,0.0,0.8571428571428571,-2.21,-2.1940527290776726
1106,3.2752000000000017,148.249,1.0,0.5454545454545454,-4.15,-3.3787844490892893
1107,2.832600000000001,112.216,0.0,0.0,-4.47,-2.5850844722169026
1108,2.752700000000001,98.18899999999998,3.0,0.0,-3.82,-2.4236502903617096
1109,1.9725,70.135,1.0,0.0,-2.54,-1.666212936257748
1110,3.1243000000000016,293.754,4.0,0.55,-3.61,-4.21940496662733
1111,4.843900000000003,304.67,4.0,0.0,-4.88,-5.33419183577459
1112,0.6204999999999998,394.43900000000014,2.0,0.0,-3.68,-2.800354377691271
1113,2.4188000000000005,434.50400000000025,2.0,0.0,-4.31,-4.398618078680492
1114,1.7620999999999996,478.51300000000026,4.0,0.0,-4.13,-4.195546171868001
1115,0.8334000000000001,253.26900000000003,1.0,0.8421052631578947,-2.404,-2.3862002971992204
1116,4.233520000000003,343.2170000000001,1.0,0.7391304347826086,-4.09,-5.458207782975032
1117,2.4547,252.731,0.0,0.0,-1.91,-3.2320786057311026
1118,0.8210000000000011,380.662,2.0,0.3,-2.68,-2.9851035026293826
1119,2.1609000000000003,257.437,3.0,0.0,-0.22,-3.0356111694253083
1120,0.8210000000000011,380.662,2.0,0.3,-2.68,-2.9851035026293826
1121,1.88018,144.388,0.0,0.0,-2.168,-2.090951848450105
1122,2.5017000000000005,131.389,0.0,0.0,-1.96,-2.466171773272298
1123,1.9864,119.378,0.0,0.0,-1.17,-2.004691352788506
1124,5.391500000000002,333.60400000000004,5.0,0.3529411764705882,-5.752000000000001,-6.077461194158749
1125,5.144700000000002,289.545,2.0,0.7058823529411765,-4.46,-5.762597042442549
1126,6.256760000000005,368.3690000000001,6.0,0.6923076923076923,-6.01,-7.089086467368082
1127,2.25242,189.243,0.0,0.9230769230769232,-2.07,-3.0536786752357368
1128,1.803,229.715,5.0,0.4,-4.06,-2.7500634297996984
1129,2.204,182.156,6.0,0.0,0.43,-2.5611789388651975
1130,4.148200000000004,335.28200000000004,7.0,0.2608695652173913,-5.68,-5.120971886115509
1131,2.431,430.9340000000001,6.0,0.0,-4.19,-4.371305830618889
1132,1.2672999999999996,435.48100000000034,6.0,0.3225806451612903,-3.638,-3.674658888419217
1133,5.146200000000003,228.294,0.0,1.0,-6.726,-5.49035883718439
1134,-1.3750000000000009,266.257,2.0,0.4736842105263157,-1.95,-0.6747586260039791
1135,-0.9368,112.088,0.0,0.75,-1.4880000000000002,-0.10571264550496084
1136,-0.9762,60.056,0.0,0.0,0.96,0.5842577904552133
1137,-1.7672000000000003,168.112,0.0,0.75,-3.93,0.14050759011501857
1138,1.3755,86.13399999999999,3.0,0.0,-0.85,-1.322577165586965
1139,1.9882,287.343,8.0,0.0,1.144,-3.0888685178419446
1140,3.4213000000000022,286.11400000000003,2.0,0.3333333333333333,-4.925,-4.303997690544511
1141,3.609600000000003,308.3330000000001,4.0,0.6956521739130435,-3.893,-4.7372149627062115
1142,2.5621400000000008,354.8150000000001,3.0,0.5217391304347826,-3.79,-4.196630066186714
1143,2.02164,179.219,1.0,0.4615384615384615,-2.5810000000000004,-2.6178428438683636
